atlasId,cohortId,cohortName,sql,json,logicDescription,generateStats
19025,19025,[OHDSIAPAC2024Tutorial] ACE inhibitor exposures,"CREATE TABLE #Codesets (
  codeset_id int NOT NULL,
  concept_id bigint NOT NULL
)
;

INSERT INTO #Codesets (codeset_id, concept_id)
SELECT 0 as codeset_id, c.concept_id FROM (select distinct I.concept_id FROM
( 
  select concept_id from @vocabulary_database_schema.CONCEPT where concept_id in (1335471,1340128,1341927,1363749,1308216,1310756,1373225,1331235,1334456,1342439)
UNION  select c.concept_id
  from @vocabulary_database_schema.CONCEPT c
  join @vocabulary_database_schema.CONCEPT_ANCESTOR ca on c.concept_id = ca.descendant_concept_id
  and ca.ancestor_concept_id in (1335471,1340128,1341927,1363749,1308216,1310756,1373225,1331235,1334456,1342439)
  and c.invalid_reason is null

) I
) C;

UPDATE STATISTICS #Codesets;


SELECT event_id, person_id, start_date, end_date, op_start_date, op_end_date, visit_occurrence_id
INTO #qualified_events
FROM 
(
  select pe.event_id, pe.person_id, pe.start_date, pe.end_date, pe.op_start_date, pe.op_end_date, row_number() over (partition by pe.person_id order by pe.start_date ASC) as ordinal, cast(pe.visit_occurrence_id as bigint) as visit_occurrence_id
  FROM (-- Begin Primary Events
select P.ordinal as event_id, P.person_id, P.start_date, P.end_date, op_start_date, op_end_date, cast(P.visit_occurrence_id as bigint) as visit_occurrence_id
FROM
(
  select E.person_id, E.start_date, E.end_date,
         row_number() OVER (PARTITION BY E.person_id ORDER BY E.sort_date ASC, E.event_id) ordinal,
         OP.observation_period_start_date as op_start_date, OP.observation_period_end_date as op_end_date, cast(E.visit_occurrence_id as bigint) as visit_occurrence_id
  FROM 
  (
  -- Begin Drug Exposure Criteria
select C.person_id, C.drug_exposure_id as event_id, C.start_date, C.end_date,
  C.visit_occurrence_id,C.start_date as sort_date
from 
(
  select de.person_id,de.drug_exposure_id,de.drug_concept_id,de.visit_occurrence_id,days_supply,quantity,refills,de.drug_exposure_start_date as start_date, COALESCE(de.drug_exposure_end_date, DATEADD(day,de.days_supply,de.drug_exposure_start_date), DATEADD(day,1,de.drug_exposure_start_date)) as end_date 
  FROM @cdm_database_schema.DRUG_EXPOSURE de
JOIN #Codesets cs on (de.drug_concept_id = cs.concept_id and cs.codeset_id = 0)
) C


-- End Drug Exposure Criteria

  ) E
	JOIN @cdm_database_schema.observation_period OP on E.person_id = OP.person_id and E.start_date >=  OP.observation_period_start_date and E.start_date <= op.observation_period_end_date
  WHERE DATEADD(day,0,OP.OBSERVATION_PERIOD_START_DATE) <= E.START_DATE AND DATEADD(day,0,E.START_DATE) <= OP.OBSERVATION_PERIOD_END_DATE
) P

-- End Primary Events
) pe
  
) QE

;

--- Inclusion Rule Inserts

create table #inclusion_events (inclusion_rule_id bigint,
	person_id bigint,
	event_id bigint
);

select event_id, person_id, start_date, end_date, op_start_date, op_end_date
into #included_events
FROM (
  SELECT event_id, person_id, start_date, end_date, op_start_date, op_end_date, row_number() over (partition by person_id order by start_date ASC) as ordinal
  from
  (
    select Q.event_id, Q.person_id, Q.start_date, Q.end_date, Q.op_start_date, Q.op_end_date, SUM(coalesce(POWER(cast(2 as bigint), I.inclusion_rule_id), 0)) as inclusion_rule_mask
    from #qualified_events Q
    LEFT JOIN #inclusion_events I on I.person_id = Q.person_id and I.event_id = Q.event_id
    GROUP BY Q.event_id, Q.person_id, Q.start_date, Q.end_date, Q.op_start_date, Q.op_end_date
  ) MG -- matching groups

) Results

;

-- custom era strategy

with ctePersons(person_id) as (
	select distinct person_id from #included_events
)

select person_id, drug_exposure_start_date, drug_exposure_end_date
INTO #drugTarget
FROM (
	select de.PERSON_ID, DRUG_EXPOSURE_START_DATE, COALESCE(DRUG_EXPOSURE_END_DATE, DATEADD(day,DAYS_SUPPLY,DRUG_EXPOSURE_START_DATE), DATEADD(day,1,DRUG_EXPOSURE_START_DATE)) as DRUG_EXPOSURE_END_DATE 
	FROM @cdm_database_schema.DRUG_EXPOSURE de
	JOIN ctePersons p on de.person_id = p.person_id
	JOIN #Codesets cs on cs.codeset_id = 0 AND de.drug_concept_id = cs.concept_id

	UNION ALL

	select de.PERSON_ID, DRUG_EXPOSURE_START_DATE, COALESCE(DRUG_EXPOSURE_END_DATE, DATEADD(day,DAYS_SUPPLY,DRUG_EXPOSURE_START_DATE), DATEADD(day,1,DRUG_EXPOSURE_START_DATE)) as DRUG_EXPOSURE_END_DATE 
	FROM @cdm_database_schema.DRUG_EXPOSURE de
	JOIN ctePersons p on de.person_id = p.person_id
	JOIN #Codesets cs on cs.codeset_id = 0 AND de.drug_source_concept_id = cs.concept_id
) E
;

select et.event_id, et.person_id, ERAS.era_end_date as end_date
INTO #strategy_ends
from #included_events et
JOIN 
(
  select ENDS.person_id, min(drug_exposure_start_date) as era_start_date, DATEADD(day,0, ENDS.era_end_date) as era_end_date
  from
  (
    select de.person_id, de.drug_exposure_start_date, MIN(e.END_DATE) as era_end_date
    FROM #drugTarget DE
    JOIN 
    (
      --cteEndDates
      select PERSON_ID, DATEADD(day,-1 * 90,EVENT_DATE) as END_DATE -- unpad the end date by 90
      FROM
      (
				select PERSON_ID, EVENT_DATE, EVENT_TYPE, 
				MAX(START_ORDINAL) OVER (PARTITION BY PERSON_ID ORDER BY event_date, event_type, START_ORDINAL ROWS UNBOUNDED PRECEDING) AS start_ordinal,
				ROW_NUMBER() OVER (PARTITION BY PERSON_ID ORDER BY EVENT_DATE, EVENT_TYPE, START_ORDINAL) AS OVERALL_ORD -- this re-numbers the inner UNION so all rows are numbered ordered by the event date
				from
				(
					-- select the start dates, assigning a row number to each
					Select PERSON_ID, DRUG_EXPOSURE_START_DATE AS EVENT_DATE, 0 as EVENT_TYPE, ROW_NUMBER() OVER (PARTITION BY PERSON_ID ORDER BY DRUG_EXPOSURE_START_DATE) as START_ORDINAL
					from #drugTarget D

					UNION ALL

					-- add the end dates with NULL as the row number, padding the end dates by 90 to allow a grace period for overlapping ranges.
					select PERSON_ID, DATEADD(day,90,DRUG_EXPOSURE_END_DATE), 1 as EVENT_TYPE, NULL
					FROM #drugTarget D
				) RAWDATA
      ) E
      WHERE 2 * E.START_ORDINAL - E.OVERALL_ORD = 0
    ) E on DE.PERSON_ID = E.PERSON_ID and E.END_DATE >= DE.DRUG_EXPOSURE_START_DATE
    GROUP BY de.person_id, de.drug_exposure_start_date
  ) ENDS
  GROUP BY ENDS.person_id, ENDS.era_end_date
) ERAS on ERAS.person_id = et.person_id 
WHERE et.start_date between ERAS.era_start_date and ERAS.era_end_date;

TRUNCATE TABLE #drugTarget;
DROP TABLE #drugTarget;


-- generate cohort periods into #final_cohort
select person_id, start_date, end_date
INTO #cohort_rows
from ( -- first_ends
	select F.person_id, F.start_date, F.end_date
	FROM (
	  select I.event_id, I.person_id, I.start_date, CE.end_date, row_number() over (partition by I.person_id, I.event_id order by CE.end_date) as ordinal
	  from #included_events I
	  join ( -- cohort_ends
-- cohort exit dates
-- By default, cohort exit at the event's op end date
select event_id, person_id, op_end_date as end_date from #included_events
UNION ALL
-- End Date Strategy
SELECT event_id, person_id, end_date from #strategy_ends

    ) CE on I.event_id = CE.event_id and I.person_id = CE.person_id and CE.end_date >= I.start_date
	) F
	WHERE F.ordinal = 1
) FE;

select person_id, min(start_date) as start_date, end_date
into #final_cohort
from ( --cteEnds
	SELECT
		 c.person_id
		, c.start_date
		, MIN(ed.end_date) AS end_date
	FROM #cohort_rows c
	JOIN ( -- cteEndDates
    SELECT
      person_id
      , DATEADD(day,-1 * 0, event_date)  as end_date
    FROM
    (
      SELECT
        person_id
        , event_date
        , event_type
        , SUM(event_type) OVER (PARTITION BY person_id ORDER BY event_date, event_type ROWS UNBOUNDED PRECEDING) AS interval_status
      FROM
      (
        SELECT
          person_id
          , start_date AS event_date
          , -1 AS event_type
        FROM #cohort_rows

        UNION ALL


        SELECT
          person_id
          , DATEADD(day,0,end_date) as end_date
          , 1 AS event_type
        FROM #cohort_rows
      ) RAWDATA
    ) e
    WHERE interval_status = 0
  ) ed ON c.person_id = ed.person_id AND ed.end_date >= c.start_date
	GROUP BY c.person_id, c.start_date
) e
group by person_id, end_date
;

DELETE FROM @target_database_schema.@target_cohort_table where cohort_definition_id = @target_cohort_id;
INSERT INTO @target_database_schema.@target_cohort_table (cohort_definition_id, subject_id, cohort_start_date, cohort_end_date)
select @target_cohort_id as cohort_definition_id, person_id, start_date, end_date 
FROM #final_cohort CO
;


-- BEGIN: Censored Stats

delete from @results_database_schema.cohort_censor_stats where cohort_definition_id = @target_cohort_id;

-- END: Censored Stats



TRUNCATE TABLE #strategy_ends;
DROP TABLE #strategy_ends;


TRUNCATE TABLE #cohort_rows;
DROP TABLE #cohort_rows;

TRUNCATE TABLE #final_cohort;
DROP TABLE #final_cohort;

TRUNCATE TABLE #inclusion_events;
DROP TABLE #inclusion_events;

TRUNCATE TABLE #qualified_events;
DROP TABLE #qualified_events;

TRUNCATE TABLE #included_events;
DROP TABLE #included_events;

TRUNCATE TABLE #Codesets;
DROP TABLE #Codesets;
","{
	""cdmVersionRange"" : "">=5.0.0"",
	""PrimaryCriteria"" : {
		""CriteriaList"" : [
			{
				""DrugExposure"" : {
					""CodesetId"" : 0,
					""DrugTypeExclude"" : false
				}
			}
		],
		""ObservationWindow"" : {
			""PriorDays"" : 0,
			""PostDays"" : 0
		},
		""PrimaryCriteriaLimit"" : {
			""Type"" : ""All""
		}
	},
	""ConceptSets"" : [
		{
			""id"" : 0,
			""name"" : ""ACE inhibitors"",
			""expression"" : {
				""items"" : [
					{
						""concept"" : {
							""CONCEPT_ID"" : 1335471,
							""CONCEPT_NAME"" : ""benazepril"",
							""STANDARD_CONCEPT"" : ""S"",
							""STANDARD_CONCEPT_CAPTION"" : ""Standard"",
							""INVALID_REASON"" : ""V"",
							""INVALID_REASON_CAPTION"" : ""Valid"",
							""CONCEPT_CODE"" : ""18867"",
							""DOMAIN_ID"" : ""Drug"",
							""VOCABULARY_ID"" : ""RxNorm"",
							""CONCEPT_CLASS_ID"" : ""Ingredient""
						},
						""isExcluded"" : false,
						""includeDescendants"" : true,
						""includeMapped"" : false
					},
					{
						""concept"" : {
							""CONCEPT_ID"" : 1340128,
							""CONCEPT_NAME"" : ""captopril"",
							""STANDARD_CONCEPT"" : ""S"",
							""STANDARD_CONCEPT_CAPTION"" : ""Standard"",
							""INVALID_REASON"" : ""V"",
							""INVALID_REASON_CAPTION"" : ""Valid"",
							""CONCEPT_CODE"" : ""1998"",
							""DOMAIN_ID"" : ""Drug"",
							""VOCABULARY_ID"" : ""RxNorm"",
							""CONCEPT_CLASS_ID"" : ""Ingredient""
						},
						""isExcluded"" : false,
						""includeDescendants"" : true,
						""includeMapped"" : false
					},
					{
						""concept"" : {
							""CONCEPT_ID"" : 1341927,
							""CONCEPT_NAME"" : ""enalapril"",
							""STANDARD_CONCEPT"" : ""S"",
							""STANDARD_CONCEPT_CAPTION"" : ""Standard"",
							""INVALID_REASON"" : ""V"",
							""INVALID_REASON_CAPTION"" : ""Valid"",
							""CONCEPT_CODE"" : ""3827"",
							""DOMAIN_ID"" : ""Drug"",
							""VOCABULARY_ID"" : ""RxNorm"",
							""CONCEPT_CLASS_ID"" : ""Ingredient""
						},
						""isExcluded"" : false,
						""includeDescendants"" : true,
						""includeMapped"" : false
					},
					{
						""concept"" : {
							""CONCEPT_ID"" : 1363749,
							""CONCEPT_NAME"" : ""fosinopril"",
							""STANDARD_CONCEPT"" : ""S"",
							""STANDARD_CONCEPT_CAPTION"" : ""Standard"",
							""INVALID_REASON"" : ""V"",
							""INVALID_REASON_CAPTION"" : ""Valid"",
							""CONCEPT_CODE"" : ""50166"",
							""DOMAIN_ID"" : ""Drug"",
							""VOCABULARY_ID"" : ""RxNorm"",
							""CONCEPT_CLASS_ID"" : ""Ingredient""
						},
						""isExcluded"" : false,
						""includeDescendants"" : true,
						""includeMapped"" : false
					},
					{
						""concept"" : {
							""CONCEPT_ID"" : 1308216,
							""CONCEPT_NAME"" : ""lisinopril"",
							""STANDARD_CONCEPT"" : ""S"",
							""STANDARD_CONCEPT_CAPTION"" : ""Standard"",
							""INVALID_REASON"" : ""V"",
							""INVALID_REASON_CAPTION"" : ""Valid"",
							""CONCEPT_CODE"" : ""29046"",
							""DOMAIN_ID"" : ""Drug"",
							""VOCABULARY_ID"" : ""RxNorm"",
							""CONCEPT_CLASS_ID"" : ""Ingredient""
						},
						""isExcluded"" : false,
						""includeDescendants"" : true,
						""includeMapped"" : false
					},
					{
						""concept"" : {
							""CONCEPT_ID"" : 1310756,
							""CONCEPT_NAME"" : ""moexipril"",
							""STANDARD_CONCEPT"" : ""S"",
							""STANDARD_CONCEPT_CAPTION"" : ""Standard"",
							""INVALID_REASON"" : ""V"",
							""INVALID_REASON_CAPTION"" : ""Valid"",
							""CONCEPT_CODE"" : ""30131"",
							""DOMAIN_ID"" : ""Drug"",
							""VOCABULARY_ID"" : ""RxNorm"",
							""CONCEPT_CLASS_ID"" : ""Ingredient""
						},
						""isExcluded"" : false,
						""includeDescendants"" : true,
						""includeMapped"" : false
					},
					{
						""concept"" : {
							""CONCEPT_ID"" : 1373225,
							""CONCEPT_NAME"" : ""perindopril"",
							""STANDARD_CONCEPT"" : ""S"",
							""STANDARD_CONCEPT_CAPTION"" : ""Standard"",
							""INVALID_REASON"" : ""V"",
							""INVALID_REASON_CAPTION"" : ""Valid"",
							""CONCEPT_CODE"" : ""54552"",
							""DOMAIN_ID"" : ""Drug"",
							""VOCABULARY_ID"" : ""RxNorm"",
							""CONCEPT_CLASS_ID"" : ""Ingredient""
						},
						""isExcluded"" : false,
						""includeDescendants"" : true,
						""includeMapped"" : false
					},
					{
						""concept"" : {
							""CONCEPT_ID"" : 1331235,
							""CONCEPT_NAME"" : ""quinapril"",
							""STANDARD_CONCEPT"" : ""S"",
							""STANDARD_CONCEPT_CAPTION"" : ""Standard"",
							""INVALID_REASON"" : ""V"",
							""INVALID_REASON_CAPTION"" : ""Valid"",
							""CONCEPT_CODE"" : ""35208"",
							""DOMAIN_ID"" : ""Drug"",
							""VOCABULARY_ID"" : ""RxNorm"",
							""CONCEPT_CLASS_ID"" : ""Ingredient""
						},
						""isExcluded"" : false,
						""includeDescendants"" : true,
						""includeMapped"" : false
					},
					{
						""concept"" : {
							""CONCEPT_ID"" : 1334456,
							""CONCEPT_NAME"" : ""ramipril"",
							""STANDARD_CONCEPT"" : ""S"",
							""STANDARD_CONCEPT_CAPTION"" : ""Standard"",
							""INVALID_REASON"" : ""V"",
							""INVALID_REASON_CAPTION"" : ""Valid"",
							""CONCEPT_CODE"" : ""35296"",
							""DOMAIN_ID"" : ""Drug"",
							""VOCABULARY_ID"" : ""RxNorm"",
							""CONCEPT_CLASS_ID"" : ""Ingredient""
						},
						""isExcluded"" : false,
						""includeDescendants"" : true,
						""includeMapped"" : false
					},
					{
						""concept"" : {
							""CONCEPT_ID"" : 1342439,
							""CONCEPT_NAME"" : ""trandolapril"",
							""STANDARD_CONCEPT"" : ""S"",
							""STANDARD_CONCEPT_CAPTION"" : ""Standard"",
							""INVALID_REASON"" : ""V"",
							""INVALID_REASON_CAPTION"" : ""Valid"",
							""CONCEPT_CODE"" : ""38454"",
							""DOMAIN_ID"" : ""Drug"",
							""VOCABULARY_ID"" : ""RxNorm"",
							""CONCEPT_CLASS_ID"" : ""Ingredient""
						},
						""isExcluded"" : false,
						""includeDescendants"" : true,
						""includeMapped"" : false
					}
				]
			}
		}
	],
	""QualifiedLimit"" : {
		""Type"" : ""First""
	},
	""ExpressionLimit"" : {
		""Type"" : ""All""
	},
	""InclusionRules"" : [],
	""EndStrategy"" : {
		""CustomEra"" : {
			""DrugCodesetId"" : 0,
			""GapDays"" : 90,
			""Offset"" : 0
		}
	},
	""CensoringCriteria"" : [],
	""CollapseSettings"" : {
		""CollapseType"" : ""ERA"",
		""EraPad"" : 0
	},
	""CensorWindow"" : {}
}",NA,TRUE
19027,19027,[OHDSIAPAC2024Tutorial] Thiazide diuretics exposures,"CREATE TABLE #Codesets (
  codeset_id int NOT NULL,
  concept_id bigint NOT NULL
)
;

INSERT INTO #Codesets (codeset_id, concept_id)
SELECT 0 as codeset_id, c.concept_id FROM (select distinct I.concept_id FROM
( 
  select concept_id from @vocabulary_database_schema.CONCEPT where concept_id in (1395058,974166,978555,907013)
UNION  select c.concept_id
  from @vocabulary_database_schema.CONCEPT c
  join @vocabulary_database_schema.CONCEPT_ANCESTOR ca on c.concept_id = ca.descendant_concept_id
  and ca.ancestor_concept_id in (1395058,974166,978555,907013)
  and c.invalid_reason is null

) I
) C;

UPDATE STATISTICS #Codesets;


SELECT event_id, person_id, start_date, end_date, op_start_date, op_end_date, visit_occurrence_id
INTO #qualified_events
FROM 
(
  select pe.event_id, pe.person_id, pe.start_date, pe.end_date, pe.op_start_date, pe.op_end_date, row_number() over (partition by pe.person_id order by pe.start_date ASC) as ordinal, cast(pe.visit_occurrence_id as bigint) as visit_occurrence_id
  FROM (-- Begin Primary Events
select P.ordinal as event_id, P.person_id, P.start_date, P.end_date, op_start_date, op_end_date, cast(P.visit_occurrence_id as bigint) as visit_occurrence_id
FROM
(
  select E.person_id, E.start_date, E.end_date,
         row_number() OVER (PARTITION BY E.person_id ORDER BY E.sort_date ASC, E.event_id) ordinal,
         OP.observation_period_start_date as op_start_date, OP.observation_period_end_date as op_end_date, cast(E.visit_occurrence_id as bigint) as visit_occurrence_id
  FROM 
  (
  -- Begin Drug Exposure Criteria
select C.person_id, C.drug_exposure_id as event_id, C.start_date, C.end_date,
  C.visit_occurrence_id,C.start_date as sort_date
from 
(
  select de.person_id,de.drug_exposure_id,de.drug_concept_id,de.visit_occurrence_id,days_supply,quantity,refills,de.drug_exposure_start_date as start_date, COALESCE(de.drug_exposure_end_date, DATEADD(day,de.days_supply,de.drug_exposure_start_date), DATEADD(day,1,de.drug_exposure_start_date)) as end_date 
  FROM @cdm_database_schema.DRUG_EXPOSURE de
JOIN #Codesets cs on (de.drug_concept_id = cs.concept_id and cs.codeset_id = 0)
) C


-- End Drug Exposure Criteria

  ) E
	JOIN @cdm_database_schema.observation_period OP on E.person_id = OP.person_id and E.start_date >=  OP.observation_period_start_date and E.start_date <= op.observation_period_end_date
  WHERE DATEADD(day,0,OP.OBSERVATION_PERIOD_START_DATE) <= E.START_DATE AND DATEADD(day,0,E.START_DATE) <= OP.OBSERVATION_PERIOD_END_DATE
) P

-- End Primary Events
) pe
  
) QE

;

--- Inclusion Rule Inserts

create table #inclusion_events (inclusion_rule_id bigint,
	person_id bigint,
	event_id bigint
);

select event_id, person_id, start_date, end_date, op_start_date, op_end_date
into #included_events
FROM (
  SELECT event_id, person_id, start_date, end_date, op_start_date, op_end_date, row_number() over (partition by person_id order by start_date ASC) as ordinal
  from
  (
    select Q.event_id, Q.person_id, Q.start_date, Q.end_date, Q.op_start_date, Q.op_end_date, SUM(coalesce(POWER(cast(2 as bigint), I.inclusion_rule_id), 0)) as inclusion_rule_mask
    from #qualified_events Q
    LEFT JOIN #inclusion_events I on I.person_id = Q.person_id and I.event_id = Q.event_id
    GROUP BY Q.event_id, Q.person_id, Q.start_date, Q.end_date, Q.op_start_date, Q.op_end_date
  ) MG -- matching groups

) Results

;

-- custom era strategy

with ctePersons(person_id) as (
	select distinct person_id from #included_events
)

select person_id, drug_exposure_start_date, drug_exposure_end_date
INTO #drugTarget
FROM (
	select de.PERSON_ID, DRUG_EXPOSURE_START_DATE, COALESCE(DRUG_EXPOSURE_END_DATE, DATEADD(day,DAYS_SUPPLY,DRUG_EXPOSURE_START_DATE), DATEADD(day,1,DRUG_EXPOSURE_START_DATE)) as DRUG_EXPOSURE_END_DATE 
	FROM @cdm_database_schema.DRUG_EXPOSURE de
	JOIN ctePersons p on de.person_id = p.person_id
	JOIN #Codesets cs on cs.codeset_id = 0 AND de.drug_concept_id = cs.concept_id

	UNION ALL

	select de.PERSON_ID, DRUG_EXPOSURE_START_DATE, COALESCE(DRUG_EXPOSURE_END_DATE, DATEADD(day,DAYS_SUPPLY,DRUG_EXPOSURE_START_DATE), DATEADD(day,1,DRUG_EXPOSURE_START_DATE)) as DRUG_EXPOSURE_END_DATE 
	FROM @cdm_database_schema.DRUG_EXPOSURE de
	JOIN ctePersons p on de.person_id = p.person_id
	JOIN #Codesets cs on cs.codeset_id = 0 AND de.drug_source_concept_id = cs.concept_id
) E
;

select et.event_id, et.person_id, ERAS.era_end_date as end_date
INTO #strategy_ends
from #included_events et
JOIN 
(
  select ENDS.person_id, min(drug_exposure_start_date) as era_start_date, DATEADD(day,0, ENDS.era_end_date) as era_end_date
  from
  (
    select de.person_id, de.drug_exposure_start_date, MIN(e.END_DATE) as era_end_date
    FROM #drugTarget DE
    JOIN 
    (
      --cteEndDates
      select PERSON_ID, DATEADD(day,-1 * 90,EVENT_DATE) as END_DATE -- unpad the end date by 90
      FROM
      (
				select PERSON_ID, EVENT_DATE, EVENT_TYPE, 
				MAX(START_ORDINAL) OVER (PARTITION BY PERSON_ID ORDER BY event_date, event_type, START_ORDINAL ROWS UNBOUNDED PRECEDING) AS start_ordinal,
				ROW_NUMBER() OVER (PARTITION BY PERSON_ID ORDER BY EVENT_DATE, EVENT_TYPE, START_ORDINAL) AS OVERALL_ORD -- this re-numbers the inner UNION so all rows are numbered ordered by the event date
				from
				(
					-- select the start dates, assigning a row number to each
					Select PERSON_ID, DRUG_EXPOSURE_START_DATE AS EVENT_DATE, 0 as EVENT_TYPE, ROW_NUMBER() OVER (PARTITION BY PERSON_ID ORDER BY DRUG_EXPOSURE_START_DATE) as START_ORDINAL
					from #drugTarget D

					UNION ALL

					-- add the end dates with NULL as the row number, padding the end dates by 90 to allow a grace period for overlapping ranges.
					select PERSON_ID, DATEADD(day,90,DRUG_EXPOSURE_END_DATE), 1 as EVENT_TYPE, NULL
					FROM #drugTarget D
				) RAWDATA
      ) E
      WHERE 2 * E.START_ORDINAL - E.OVERALL_ORD = 0
    ) E on DE.PERSON_ID = E.PERSON_ID and E.END_DATE >= DE.DRUG_EXPOSURE_START_DATE
    GROUP BY de.person_id, de.drug_exposure_start_date
  ) ENDS
  GROUP BY ENDS.person_id, ENDS.era_end_date
) ERAS on ERAS.person_id = et.person_id 
WHERE et.start_date between ERAS.era_start_date and ERAS.era_end_date;

TRUNCATE TABLE #drugTarget;
DROP TABLE #drugTarget;


-- generate cohort periods into #final_cohort
select person_id, start_date, end_date
INTO #cohort_rows
from ( -- first_ends
	select F.person_id, F.start_date, F.end_date
	FROM (
	  select I.event_id, I.person_id, I.start_date, CE.end_date, row_number() over (partition by I.person_id, I.event_id order by CE.end_date) as ordinal
	  from #included_events I
	  join ( -- cohort_ends
-- cohort exit dates
-- By default, cohort exit at the event's op end date
select event_id, person_id, op_end_date as end_date from #included_events
UNION ALL
-- End Date Strategy
SELECT event_id, person_id, end_date from #strategy_ends

    ) CE on I.event_id = CE.event_id and I.person_id = CE.person_id and CE.end_date >= I.start_date
	) F
	WHERE F.ordinal = 1
) FE;

select person_id, min(start_date) as start_date, end_date
into #final_cohort
from ( --cteEnds
	SELECT
		 c.person_id
		, c.start_date
		, MIN(ed.end_date) AS end_date
	FROM #cohort_rows c
	JOIN ( -- cteEndDates
    SELECT
      person_id
      , DATEADD(day,-1 * 0, event_date)  as end_date
    FROM
    (
      SELECT
        person_id
        , event_date
        , event_type
        , SUM(event_type) OVER (PARTITION BY person_id ORDER BY event_date, event_type ROWS UNBOUNDED PRECEDING) AS interval_status
      FROM
      (
        SELECT
          person_id
          , start_date AS event_date
          , -1 AS event_type
        FROM #cohort_rows

        UNION ALL


        SELECT
          person_id
          , DATEADD(day,0,end_date) as end_date
          , 1 AS event_type
        FROM #cohort_rows
      ) RAWDATA
    ) e
    WHERE interval_status = 0
  ) ed ON c.person_id = ed.person_id AND ed.end_date >= c.start_date
	GROUP BY c.person_id, c.start_date
) e
group by person_id, end_date
;

DELETE FROM @target_database_schema.@target_cohort_table where cohort_definition_id = @target_cohort_id;
INSERT INTO @target_database_schema.@target_cohort_table (cohort_definition_id, subject_id, cohort_start_date, cohort_end_date)
select @target_cohort_id as cohort_definition_id, person_id, start_date, end_date 
FROM #final_cohort CO
;


-- BEGIN: Censored Stats

delete from @results_database_schema.cohort_censor_stats where cohort_definition_id = @target_cohort_id;

-- END: Censored Stats



TRUNCATE TABLE #strategy_ends;
DROP TABLE #strategy_ends;


TRUNCATE TABLE #cohort_rows;
DROP TABLE #cohort_rows;

TRUNCATE TABLE #final_cohort;
DROP TABLE #final_cohort;

TRUNCATE TABLE #inclusion_events;
DROP TABLE #inclusion_events;

TRUNCATE TABLE #qualified_events;
DROP TABLE #qualified_events;

TRUNCATE TABLE #included_events;
DROP TABLE #included_events;

TRUNCATE TABLE #Codesets;
DROP TABLE #Codesets;
","{
	""cdmVersionRange"" : "">=5.0.0"",
	""PrimaryCriteria"" : {
		""CriteriaList"" : [
			{
				""DrugExposure"" : {
					""CodesetId"" : 0,
					""DrugTypeExclude"" : false
				}
			}
		],
		""ObservationWindow"" : {
			""PriorDays"" : 0,
			""PostDays"" : 0
		},
		""PrimaryCriteriaLimit"" : {
			""Type"" : ""All""
		}
	},
	""ConceptSets"" : [
		{
			""id"" : 0,
			""name"" : ""Thiazide or thiazide-like diuretics"",
			""expression"" : {
				""items"" : [
					{
						""concept"" : {
							""CONCEPT_ID"" : 1395058,
							""CONCEPT_NAME"" : ""chlorthalidone"",
							""STANDARD_CONCEPT"" : ""S"",
							""STANDARD_CONCEPT_CAPTION"" : ""Standard"",
							""INVALID_REASON"" : ""V"",
							""INVALID_REASON_CAPTION"" : ""Valid"",
							""CONCEPT_CODE"" : ""2409"",
							""DOMAIN_ID"" : ""Drug"",
							""VOCABULARY_ID"" : ""RxNorm"",
							""CONCEPT_CLASS_ID"" : ""Ingredient""
						},
						""isExcluded"" : false,
						""includeDescendants"" : true,
						""includeMapped"" : false
					},
					{
						""concept"" : {
							""CONCEPT_ID"" : 974166,
							""CONCEPT_NAME"" : ""hydrochlorothiazide"",
							""STANDARD_CONCEPT"" : ""S"",
							""STANDARD_CONCEPT_CAPTION"" : ""Standard"",
							""INVALID_REASON"" : ""V"",
							""INVALID_REASON_CAPTION"" : ""Valid"",
							""CONCEPT_CODE"" : ""5487"",
							""DOMAIN_ID"" : ""Drug"",
							""VOCABULARY_ID"" : ""RxNorm"",
							""CONCEPT_CLASS_ID"" : ""Ingredient""
						},
						""isExcluded"" : false,
						""includeDescendants"" : true,
						""includeMapped"" : false
					},
					{
						""concept"" : {
							""CONCEPT_ID"" : 978555,
							""CONCEPT_NAME"" : ""indapamide"",
							""STANDARD_CONCEPT"" : ""S"",
							""STANDARD_CONCEPT_CAPTION"" : ""Standard"",
							""INVALID_REASON"" : ""V"",
							""INVALID_REASON_CAPTION"" : ""Valid"",
							""CONCEPT_CODE"" : ""5764"",
							""DOMAIN_ID"" : ""Drug"",
							""VOCABULARY_ID"" : ""RxNorm"",
							""CONCEPT_CLASS_ID"" : ""Ingredient""
						},
						""isExcluded"" : false,
						""includeDescendants"" : true,
						""includeMapped"" : false
					},
					{
						""concept"" : {
							""CONCEPT_ID"" : 907013,
							""CONCEPT_NAME"" : ""metolazone"",
							""STANDARD_CONCEPT"" : ""S"",
							""STANDARD_CONCEPT_CAPTION"" : ""Standard"",
							""INVALID_REASON"" : ""V"",
							""INVALID_REASON_CAPTION"" : ""Valid"",
							""CONCEPT_CODE"" : ""6916"",
							""DOMAIN_ID"" : ""Drug"",
							""VOCABULARY_ID"" : ""RxNorm"",
							""CONCEPT_CLASS_ID"" : ""Ingredient""
						},
						""isExcluded"" : false,
						""includeDescendants"" : true,
						""includeMapped"" : false
					}
				]
			}
		}
	],
	""QualifiedLimit"" : {
		""Type"" : ""First""
	},
	""ExpressionLimit"" : {
		""Type"" : ""All""
	},
	""InclusionRules"" : [],
	""EndStrategy"" : {
		""CustomEra"" : {
			""DrugCodesetId"" : 0,
			""GapDays"" : 90,
			""Offset"" : 0
		}
	},
	""CensoringCriteria"" : [],
	""CollapseSettings"" : {
		""CollapseType"" : ""ERA"",
		""EraPad"" : 0
	},
	""CensorWindow"" : {}
}",NA,TRUE
19026,19026,[OHDSIAPAC2024Tutorial] Hypertension,"CREATE TABLE #Codesets (
  codeset_id int NOT NULL,
  concept_id bigint NOT NULL
)
;

INSERT INTO #Codesets (codeset_id, concept_id)
SELECT 0 as codeset_id, c.concept_id FROM (select distinct I.concept_id FROM
( 
  select concept_id from @vocabulary_database_schema.CONCEPT where concept_id in (316866,442604,44782429,201313)
UNION  select c.concept_id
  from @vocabulary_database_schema.CONCEPT c
  join @vocabulary_database_schema.CONCEPT_ANCESTOR ca on c.concept_id = ca.descendant_concept_id
  and ca.ancestor_concept_id in (316866,442604,44782429,201313)
  and c.invalid_reason is null

) I
) C;

UPDATE STATISTICS #Codesets;


SELECT event_id, person_id, start_date, end_date, op_start_date, op_end_date, visit_occurrence_id
INTO #qualified_events
FROM 
(
  select pe.event_id, pe.person_id, pe.start_date, pe.end_date, pe.op_start_date, pe.op_end_date, row_number() over (partition by pe.person_id order by pe.start_date ASC) as ordinal, cast(pe.visit_occurrence_id as bigint) as visit_occurrence_id
  FROM (-- Begin Primary Events
select P.ordinal as event_id, P.person_id, P.start_date, P.end_date, op_start_date, op_end_date, cast(P.visit_occurrence_id as bigint) as visit_occurrence_id
FROM
(
  select E.person_id, E.start_date, E.end_date,
         row_number() OVER (PARTITION BY E.person_id ORDER BY E.sort_date ASC, E.event_id) ordinal,
         OP.observation_period_start_date as op_start_date, OP.observation_period_end_date as op_end_date, cast(E.visit_occurrence_id as bigint) as visit_occurrence_id
  FROM 
  (
  -- Begin Condition Occurrence Criteria
SELECT C.person_id, C.condition_occurrence_id as event_id, C.start_date, C.end_date,
  C.visit_occurrence_id, C.start_date as sort_date
FROM 
(
  SELECT co.person_id,co.condition_occurrence_id,co.condition_concept_id,co.visit_occurrence_id,co.condition_start_date as start_date, COALESCE(co.condition_end_date, DATEADD(day,1,co.condition_start_date)) as end_date 
  FROM @cdm_database_schema.CONDITION_OCCURRENCE co
  JOIN #Codesets cs on (co.condition_concept_id = cs.concept_id and cs.codeset_id = 0)
) C


-- End Condition Occurrence Criteria

  ) E
	JOIN @cdm_database_schema.observation_period OP on E.person_id = OP.person_id and E.start_date >=  OP.observation_period_start_date and E.start_date <= op.observation_period_end_date
  WHERE DATEADD(day,0,OP.OBSERVATION_PERIOD_START_DATE) <= E.START_DATE AND DATEADD(day,0,E.START_DATE) <= OP.OBSERVATION_PERIOD_END_DATE
) P
WHERE P.ordinal = 1
-- End Primary Events
) pe
  
) QE

;

--- Inclusion Rule Inserts

create table #inclusion_events (inclusion_rule_id bigint,
	person_id bigint,
	event_id bigint
);

select event_id, person_id, start_date, end_date, op_start_date, op_end_date
into #included_events
FROM (
  SELECT event_id, person_id, start_date, end_date, op_start_date, op_end_date, row_number() over (partition by person_id order by start_date ASC) as ordinal
  from
  (
    select Q.event_id, Q.person_id, Q.start_date, Q.end_date, Q.op_start_date, Q.op_end_date, SUM(coalesce(POWER(cast(2 as bigint), I.inclusion_rule_id), 0)) as inclusion_rule_mask
    from #qualified_events Q
    LEFT JOIN #inclusion_events I on I.person_id = Q.person_id and I.event_id = Q.event_id
    GROUP BY Q.event_id, Q.person_id, Q.start_date, Q.end_date, Q.op_start_date, Q.op_end_date
  ) MG -- matching groups

) Results
WHERE Results.ordinal = 1
;



-- generate cohort periods into #final_cohort
select person_id, start_date, end_date
INTO #cohort_rows
from ( -- first_ends
	select F.person_id, F.start_date, F.end_date
	FROM (
	  select I.event_id, I.person_id, I.start_date, CE.end_date, row_number() over (partition by I.person_id, I.event_id order by CE.end_date) as ordinal
	  from #included_events I
	  join ( -- cohort_ends
-- cohort exit dates
-- By default, cohort exit at the event's op end date
select event_id, person_id, op_end_date as end_date from #included_events
    ) CE on I.event_id = CE.event_id and I.person_id = CE.person_id and CE.end_date >= I.start_date
	) F
	WHERE F.ordinal = 1
) FE;

select person_id, min(start_date) as start_date, end_date
into #final_cohort
from ( --cteEnds
	SELECT
		 c.person_id
		, c.start_date
		, MIN(ed.end_date) AS end_date
	FROM #cohort_rows c
	JOIN ( -- cteEndDates
    SELECT
      person_id
      , DATEADD(day,-1 * 0, event_date)  as end_date
    FROM
    (
      SELECT
        person_id
        , event_date
        , event_type
        , SUM(event_type) OVER (PARTITION BY person_id ORDER BY event_date, event_type ROWS UNBOUNDED PRECEDING) AS interval_status
      FROM
      (
        SELECT
          person_id
          , start_date AS event_date
          , -1 AS event_type
        FROM #cohort_rows

        UNION ALL


        SELECT
          person_id
          , DATEADD(day,0,end_date) as end_date
          , 1 AS event_type
        FROM #cohort_rows
      ) RAWDATA
    ) e
    WHERE interval_status = 0
  ) ed ON c.person_id = ed.person_id AND ed.end_date >= c.start_date
	GROUP BY c.person_id, c.start_date
) e
group by person_id, end_date
;

DELETE FROM @target_database_schema.@target_cohort_table where cohort_definition_id = @target_cohort_id;
INSERT INTO @target_database_schema.@target_cohort_table (cohort_definition_id, subject_id, cohort_start_date, cohort_end_date)
select @target_cohort_id as cohort_definition_id, person_id, start_date, end_date 
FROM #final_cohort CO
;


-- BEGIN: Censored Stats

delete from @results_database_schema.cohort_censor_stats where cohort_definition_id = @target_cohort_id;

-- END: Censored Stats





TRUNCATE TABLE #cohort_rows;
DROP TABLE #cohort_rows;

TRUNCATE TABLE #final_cohort;
DROP TABLE #final_cohort;

TRUNCATE TABLE #inclusion_events;
DROP TABLE #inclusion_events;

TRUNCATE TABLE #qualified_events;
DROP TABLE #qualified_events;

TRUNCATE TABLE #included_events;
DROP TABLE #included_events;

TRUNCATE TABLE #Codesets;
DROP TABLE #Codesets;
","{
	""cdmVersionRange"" : "">=5.0.0"",
	""PrimaryCriteria"" : {
		""CriteriaList"" : [
			{
				""ConditionOccurrence"" : {
					""CodesetId"" : 0
				}
			}
		],
		""ObservationWindow"" : {
			""PriorDays"" : 0,
			""PostDays"" : 0
		},
		""PrimaryCriteriaLimit"" : {
			""Type"" : ""First""
		}
	},
	""ConceptSets"" : [
		{
			""id"" : 0,
			""name"" : ""hypertension"",
			""expression"" : {
				""items"" : [
					{
						""concept"" : {
							""CONCEPT_ID"" : 316866,
							""CONCEPT_NAME"" : ""Hypertensive disorder"",
							""STANDARD_CONCEPT"" : ""S"",
							""STANDARD_CONCEPT_CAPTION"" : ""Standard"",
							""INVALID_REASON"" : ""V"",
							""INVALID_REASON_CAPTION"" : ""Valid"",
							""CONCEPT_CODE"" : ""38341003"",
							""DOMAIN_ID"" : ""Condition"",
							""VOCABULARY_ID"" : ""SNOMED"",
							""CONCEPT_CLASS_ID"" : ""Clinical Finding""
						},
						""isExcluded"" : false,
						""includeDescendants"" : true,
						""includeMapped"" : false
					},
					{
						""concept"" : {
							""CONCEPT_ID"" : 442604,
							""CONCEPT_NAME"" : ""Hypertensive heart disease"",
							""STANDARD_CONCEPT"" : ""S"",
							""STANDARD_CONCEPT_CAPTION"" : ""Standard"",
							""INVALID_REASON"" : ""V"",
							""INVALID_REASON_CAPTION"" : ""Valid"",
							""CONCEPT_CODE"" : ""64715009"",
							""DOMAIN_ID"" : ""Condition"",
							""VOCABULARY_ID"" : ""SNOMED"",
							""CONCEPT_CLASS_ID"" : ""Disorder""
						},
						""isExcluded"" : false,
						""includeDescendants"" : true,
						""includeMapped"" : false
					},
					{
						""concept"" : {
							""CONCEPT_ID"" : 44782429,
							""CONCEPT_NAME"" : ""Chronic kidney disease due to hypertension"",
							""STANDARD_CONCEPT"" : ""S"",
							""STANDARD_CONCEPT_CAPTION"" : ""Standard"",
							""INVALID_REASON"" : ""V"",
							""INVALID_REASON_CAPTION"" : ""Valid"",
							""CONCEPT_CODE"" : ""104931000119100"",
							""DOMAIN_ID"" : ""Condition"",
							""VOCABULARY_ID"" : ""SNOMED"",
							""CONCEPT_CLASS_ID"" : ""Disorder""
						},
						""isExcluded"" : false,
						""includeDescendants"" : true,
						""includeMapped"" : false
					},
					{
						""concept"" : {
							""CONCEPT_ID"" : 201313,
							""CONCEPT_NAME"" : ""Hypertensive renal disease"",
							""STANDARD_CONCEPT"" : ""S"",
							""STANDARD_CONCEPT_CAPTION"" : ""Standard"",
							""INVALID_REASON"" : ""V"",
							""INVALID_REASON_CAPTION"" : ""Valid"",
							""CONCEPT_CODE"" : ""38481006"",
							""DOMAIN_ID"" : ""Condition"",
							""VOCABULARY_ID"" : ""SNOMED"",
							""CONCEPT_CLASS_ID"" : ""Disorder""
						},
						""isExcluded"" : false,
						""includeDescendants"" : true,
						""includeMapped"" : false
					}
				]
			}
		}
	],
	""QualifiedLimit"" : {
		""Type"" : ""First""
	},
	""ExpressionLimit"" : {
		""Type"" : ""First""
	},
	""InclusionRules"" : [],
	""CensoringCriteria"" : [],
	""CollapseSettings"" : {
		""CollapseType"" : ""ERA"",
		""EraPad"" : 0
	},
	""CensorWindow"" : {}
}",NA,TRUE
19028,19028,"[OHDSIAPAC2024Tutorial] All events of Angioedema, with a washout period of 180 days","CREATE TABLE #Codesets (
  codeset_id int NOT NULL,
  concept_id bigint NOT NULL
)
;

INSERT INTO #Codesets (codeset_id, concept_id)
SELECT 3 as codeset_id, c.concept_id FROM (select distinct I.concept_id FROM
( 
  select concept_id from @vocabulary_database_schema.CONCEPT where concept_id in (4296370,432791,4297361,4270861)
UNION  select c.concept_id
  from @vocabulary_database_schema.CONCEPT c
  join @vocabulary_database_schema.CONCEPT_ANCESTOR ca on c.concept_id = ca.descendant_concept_id
  and ca.ancestor_concept_id in (4296370,432791,4297361,4270861)
  and c.invalid_reason is null

) I
) C UNION ALL 
SELECT 10 as codeset_id, c.concept_id FROM (select distinct I.concept_id FROM
( 
  select concept_id from @vocabulary_database_schema.CONCEPT where concept_id in (4296370,432791)
UNION  select c.concept_id
  from @vocabulary_database_schema.CONCEPT c
  join @vocabulary_database_schema.CONCEPT_ANCESTOR ca on c.concept_id = ca.descendant_concept_id
  and ca.ancestor_concept_id in (4296370,432791)
  and c.invalid_reason is null

) I
) C;

UPDATE STATISTICS #Codesets;


SELECT event_id, person_id, start_date, end_date, op_start_date, op_end_date, visit_occurrence_id
INTO #qualified_events
FROM 
(
  select pe.event_id, pe.person_id, pe.start_date, pe.end_date, pe.op_start_date, pe.op_end_date, row_number() over (partition by pe.person_id order by pe.start_date ASC) as ordinal, cast(pe.visit_occurrence_id as bigint) as visit_occurrence_id
  FROM (-- Begin Primary Events
select P.ordinal as event_id, P.person_id, P.start_date, P.end_date, op_start_date, op_end_date, cast(P.visit_occurrence_id as bigint) as visit_occurrence_id
FROM
(
  select E.person_id, E.start_date, E.end_date,
         row_number() OVER (PARTITION BY E.person_id ORDER BY E.sort_date ASC, E.event_id) ordinal,
         OP.observation_period_start_date as op_start_date, OP.observation_period_end_date as op_end_date, cast(E.visit_occurrence_id as bigint) as visit_occurrence_id
  FROM 
  (
  -- Begin Condition Occurrence Criteria
SELECT C.person_id, C.condition_occurrence_id as event_id, C.start_date, C.end_date,
  C.visit_occurrence_id, C.start_date as sort_date
FROM 
(
  SELECT co.person_id,co.condition_occurrence_id,co.condition_concept_id,co.visit_occurrence_id,co.condition_start_date as start_date, COALESCE(co.condition_end_date, DATEADD(day,1,co.condition_start_date)) as end_date 
  FROM @cdm_database_schema.CONDITION_OCCURRENCE co
  JOIN #Codesets cs on (co.condition_concept_id = cs.concept_id and cs.codeset_id = 3)
) C


-- End Condition Occurrence Criteria

  ) E
	JOIN @cdm_database_schema.observation_period OP on E.person_id = OP.person_id and E.start_date >=  OP.observation_period_start_date and E.start_date <= op.observation_period_end_date
  WHERE DATEADD(day,0,OP.OBSERVATION_PERIOD_START_DATE) <= E.START_DATE AND DATEADD(day,0,E.START_DATE) <= OP.OBSERVATION_PERIOD_END_DATE
) P

-- End Primary Events
) pe
  
) QE

;

--- Inclusion Rule Inserts

select 0 as inclusion_rule_id, person_id, event_id
INTO #Inclusion_0
FROM 
(
  select pe.person_id, pe.event_id
  FROM #qualified_events pe
  
JOIN (
-- Begin Criteria Group
select 0 as index_id, person_id, event_id
FROM
(
  select E.person_id, E.event_id 
  FROM #qualified_events E
  INNER JOIN
  (
    -- Begin Correlated Criteria
select 0 as index_id, cc.person_id, cc.event_id
from (SELECT p.person_id, p.event_id 
FROM #qualified_events P
JOIN (
  -- Begin Condition Occurrence Criteria
SELECT C.person_id, C.condition_occurrence_id as event_id, C.start_date, C.end_date,
  C.visit_occurrence_id, C.start_date as sort_date
FROM 
(
  SELECT co.person_id,co.condition_occurrence_id,co.condition_concept_id,co.visit_occurrence_id,co.condition_start_date as start_date, COALESCE(co.condition_end_date, DATEADD(day,1,co.condition_start_date)) as end_date 
  FROM @cdm_database_schema.CONDITION_OCCURRENCE co
  JOIN #Codesets cs on (co.condition_concept_id = cs.concept_id and cs.codeset_id = 10)
) C


-- End Condition Occurrence Criteria

) A on A.person_id = P.person_id  AND A.START_DATE >= P.OP_START_DATE AND A.START_DATE <= P.OP_END_DATE AND A.START_DATE >= DATEADD(day,0,P.START_DATE) AND A.START_DATE <= DATEADD(day,3,P.START_DATE) ) cc 
GROUP BY cc.person_id, cc.event_id
HAVING COUNT(cc.event_id) >= 1
-- End Correlated Criteria

  ) CQ on E.person_id = CQ.person_id and E.event_id = CQ.event_id
  GROUP BY E.person_id, E.event_id
  HAVING COUNT(index_id) = 1
) G
-- End Criteria Group
) AC on AC.person_id = pe.person_id AND AC.event_id = pe.event_id
) Results
;

select 1 as inclusion_rule_id, person_id, event_id
INTO #Inclusion_1
FROM 
(
  select pe.person_id, pe.event_id
  FROM #qualified_events pe
  
JOIN (
-- Begin Criteria Group
select 0 as index_id, person_id, event_id
FROM
(
  select E.person_id, E.event_id 
  FROM #qualified_events E
  INNER JOIN
  (
    -- Begin Correlated Criteria
select 0 as index_id, p.person_id, p.event_id
from #qualified_events p
LEFT JOIN (
SELECT p.person_id, p.event_id 
FROM #qualified_events P
JOIN (
  -- Begin Condition Occurrence Criteria
SELECT C.person_id, C.condition_occurrence_id as event_id, C.start_date, C.end_date,
  C.visit_occurrence_id, C.start_date as sort_date
FROM 
(
  SELECT co.person_id,co.condition_occurrence_id,co.condition_concept_id,co.visit_occurrence_id,co.condition_start_date as start_date, COALESCE(co.condition_end_date, DATEADD(day,1,co.condition_start_date)) as end_date 
  FROM @cdm_database_schema.CONDITION_OCCURRENCE co
  JOIN #Codesets cs on (co.condition_concept_id = cs.concept_id and cs.codeset_id = 10)
) C


-- End Condition Occurrence Criteria

) A on A.person_id = P.person_id  AND A.START_DATE >= P.OP_START_DATE AND A.START_DATE <= P.OP_END_DATE AND A.START_DATE >= DATEADD(day,-180,P.START_DATE) AND A.START_DATE <= DATEADD(day,-1,P.START_DATE) ) cc on p.person_id = cc.person_id and p.event_id = cc.event_id
GROUP BY p.person_id, p.event_id
HAVING COUNT(cc.event_id) = 0
-- End Correlated Criteria

  ) CQ on E.person_id = CQ.person_id and E.event_id = CQ.event_id
  GROUP BY E.person_id, E.event_id
  HAVING COUNT(index_id) = 1
) G
-- End Criteria Group
) AC on AC.person_id = pe.person_id AND AC.event_id = pe.event_id
) Results
;

SELECT inclusion_rule_id, person_id, event_id
INTO #inclusion_events
FROM (select inclusion_rule_id, person_id, event_id from #Inclusion_0
UNION ALL
select inclusion_rule_id, person_id, event_id from #Inclusion_1) I;
TRUNCATE TABLE #Inclusion_0;
DROP TABLE #Inclusion_0;

TRUNCATE TABLE #Inclusion_1;
DROP TABLE #Inclusion_1;


select event_id, person_id, start_date, end_date, op_start_date, op_end_date
into #included_events
FROM (
  SELECT event_id, person_id, start_date, end_date, op_start_date, op_end_date, row_number() over (partition by person_id order by start_date ASC) as ordinal
  from
  (
    select Q.event_id, Q.person_id, Q.start_date, Q.end_date, Q.op_start_date, Q.op_end_date, SUM(coalesce(POWER(cast(2 as bigint), I.inclusion_rule_id), 0)) as inclusion_rule_mask
    from #qualified_events Q
    LEFT JOIN #inclusion_events I on I.person_id = Q.person_id and I.event_id = Q.event_id
    GROUP BY Q.event_id, Q.person_id, Q.start_date, Q.end_date, Q.op_start_date, Q.op_end_date
  ) MG -- matching groups

  -- the matching group with all bits set ( POWER(2,# of inclusion rules) - 1 = inclusion_rule_mask
  WHERE (MG.inclusion_rule_mask = POWER(cast(2 as bigint),2)-1)

) Results

;

-- date offset strategy

select event_id, person_id, 
  case when DATEADD(day,1,end_date) > op_end_date then op_end_date else DATEADD(day,1,end_date) end as end_date
INTO #strategy_ends
from #included_events;


-- generate cohort periods into #final_cohort
select person_id, start_date, end_date
INTO #cohort_rows
from ( -- first_ends
	select F.person_id, F.start_date, F.end_date
	FROM (
	  select I.event_id, I.person_id, I.start_date, CE.end_date, row_number() over (partition by I.person_id, I.event_id order by CE.end_date) as ordinal
	  from #included_events I
	  join ( -- cohort_ends
-- cohort exit dates
-- End Date Strategy
SELECT event_id, person_id, end_date from #strategy_ends

    ) CE on I.event_id = CE.event_id and I.person_id = CE.person_id and CE.end_date >= I.start_date
	) F
	WHERE F.ordinal = 1
) FE;

select person_id, min(start_date) as start_date, end_date
into #final_cohort
from ( --cteEnds
	SELECT
		 c.person_id
		, c.start_date
		, MIN(ed.end_date) AS end_date
	FROM #cohort_rows c
	JOIN ( -- cteEndDates
    SELECT
      person_id
      , DATEADD(day,-1 * 0, event_date)  as end_date
    FROM
    (
      SELECT
        person_id
        , event_date
        , event_type
        , SUM(event_type) OVER (PARTITION BY person_id ORDER BY event_date, event_type ROWS UNBOUNDED PRECEDING) AS interval_status
      FROM
      (
        SELECT
          person_id
          , start_date AS event_date
          , -1 AS event_type
        FROM #cohort_rows

        UNION ALL


        SELECT
          person_id
          , DATEADD(day,0,end_date) as end_date
          , 1 AS event_type
        FROM #cohort_rows
      ) RAWDATA
    ) e
    WHERE interval_status = 0
  ) ed ON c.person_id = ed.person_id AND ed.end_date >= c.start_date
	GROUP BY c.person_id, c.start_date
) e
group by person_id, end_date
;

DELETE FROM @target_database_schema.@target_cohort_table where cohort_definition_id = @target_cohort_id;
INSERT INTO @target_database_schema.@target_cohort_table (cohort_definition_id, subject_id, cohort_start_date, cohort_end_date)
select @target_cohort_id as cohort_definition_id, person_id, start_date, end_date 
FROM #final_cohort CO
;


-- BEGIN: Censored Stats

delete from @results_database_schema.cohort_censor_stats where cohort_definition_id = @target_cohort_id;

-- END: Censored Stats



-- Create a temp table of inclusion rule rows for joining in the inclusion rule impact analysis

select cast(rule_sequence as int) as rule_sequence
into #inclusion_rules
from (
  SELECT CAST(0 as int) as rule_sequence UNION ALL SELECT CAST(1 as int) as rule_sequence
) IR;


-- Find the event that is the 'best match' per person.  
-- the 'best match' is defined as the event that satisfies the most inclusion rules.
-- ties are solved by choosing the event that matches the earliest inclusion rule, and then earliest.

select q.person_id, q.event_id
into #best_events
from #qualified_events Q
join (
	SELECT R.person_id, R.event_id, ROW_NUMBER() OVER (PARTITION BY R.person_id ORDER BY R.rule_count DESC,R.min_rule_id ASC, R.start_date ASC) AS rank_value
	FROM (
		SELECT Q.person_id, Q.event_id, COALESCE(COUNT(DISTINCT I.inclusion_rule_id), 0) AS rule_count, COALESCE(MIN(I.inclusion_rule_id), 0) AS min_rule_id, Q.start_date
		FROM #qualified_events Q
		LEFT JOIN #inclusion_events I ON q.person_id = i.person_id AND q.event_id = i.event_id
		GROUP BY Q.person_id, Q.event_id, Q.start_date
	) R
) ranked on Q.person_id = ranked.person_id and Q.event_id = ranked.event_id
WHERE ranked.rank_value = 1
;

-- modes of generation: (the same tables store the results for the different modes, identified by the mode_id column)
-- 0: all events
-- 1: best event


-- BEGIN: Inclusion Impact Analysis - event
-- calculte matching group counts
delete from @results_database_schema.cohort_inclusion_result where cohort_definition_id = @target_cohort_id and mode_id = 0;
insert into @results_database_schema.cohort_inclusion_result (cohort_definition_id, inclusion_rule_mask, person_count, mode_id)
select @target_cohort_id as cohort_definition_id, inclusion_rule_mask, count_big(*) as person_count, 0 as mode_id
from
(
  select Q.person_id, Q.event_id, CAST(SUM(coalesce(POWER(cast(2 as bigint), I.inclusion_rule_id), 0)) AS bigint) as inclusion_rule_mask
  from #qualified_events Q
  LEFT JOIN #inclusion_events I on q.person_id = i.person_id and q.event_id = i.event_id
  GROUP BY Q.person_id, Q.event_id
) MG -- matching groups
group by inclusion_rule_mask
;

-- calculate gain counts 
delete from @results_database_schema.cohort_inclusion_stats where cohort_definition_id = @target_cohort_id and mode_id = 0;
insert into @results_database_schema.cohort_inclusion_stats (cohort_definition_id, rule_sequence, person_count, gain_count, person_total, mode_id)
select @target_cohort_id as cohort_definition_id, ir.rule_sequence, coalesce(T.person_count, 0) as person_count, coalesce(SR.person_count, 0) gain_count, EventTotal.total, 0 as mode_id
from #inclusion_rules ir
left join
(
  select i.inclusion_rule_id, count_big(i.event_id) as person_count
  from #qualified_events Q
  JOIN #inclusion_events i on Q.person_id = I.person_id and Q.event_id = i.event_id
  group by i.inclusion_rule_id
) T on ir.rule_sequence = T.inclusion_rule_id
CROSS JOIN (select count(*) as total_rules from #inclusion_rules) RuleTotal
CROSS JOIN (select count_big(event_id) as total from #qualified_events) EventTotal
LEFT JOIN @results_database_schema.cohort_inclusion_result SR on SR.mode_id = 0 AND SR.cohort_definition_id = @target_cohort_id AND (POWER(cast(2 as bigint),RuleTotal.total_rules) - POWER(cast(2 as bigint),ir.rule_sequence) - 1) = SR.inclusion_rule_mask -- POWER(2,rule count) - POWER(2,rule sequence) - 1 is the mask for 'all except this rule'
;

-- calculate totals
delete from @results_database_schema.cohort_summary_stats where cohort_definition_id = @target_cohort_id and mode_id = 0;
insert into @results_database_schema.cohort_summary_stats (cohort_definition_id, base_count, final_count, mode_id)
select @target_cohort_id as cohort_definition_id, PC.total as person_count, coalesce(FC.total, 0) as final_count, 0 as mode_id
FROM
(select count_big(event_id) as total from #qualified_events) PC,
(select sum(sr.person_count) as total
  from @results_database_schema.cohort_inclusion_result sr
  CROSS JOIN (select count(*) as total_rules from #inclusion_rules) RuleTotal
  where sr.mode_id = 0 and sr.cohort_definition_id = @target_cohort_id and sr.inclusion_rule_mask = POWER(cast(2 as bigint),RuleTotal.total_rules)-1
) FC
;

-- END: Inclusion Impact Analysis - event

-- BEGIN: Inclusion Impact Analysis - person
-- calculte matching group counts
delete from @results_database_schema.cohort_inclusion_result where cohort_definition_id = @target_cohort_id and mode_id = 1;
insert into @results_database_schema.cohort_inclusion_result (cohort_definition_id, inclusion_rule_mask, person_count, mode_id)
select @target_cohort_id as cohort_definition_id, inclusion_rule_mask, count_big(*) as person_count, 1 as mode_id
from
(
  select Q.person_id, Q.event_id, CAST(SUM(coalesce(POWER(cast(2 as bigint), I.inclusion_rule_id), 0)) AS bigint) as inclusion_rule_mask
  from #best_events Q
  LEFT JOIN #inclusion_events I on q.person_id = i.person_id and q.event_id = i.event_id
  GROUP BY Q.person_id, Q.event_id
) MG -- matching groups
group by inclusion_rule_mask
;

-- calculate gain counts 
delete from @results_database_schema.cohort_inclusion_stats where cohort_definition_id = @target_cohort_id and mode_id = 1;
insert into @results_database_schema.cohort_inclusion_stats (cohort_definition_id, rule_sequence, person_count, gain_count, person_total, mode_id)
select @target_cohort_id as cohort_definition_id, ir.rule_sequence, coalesce(T.person_count, 0) as person_count, coalesce(SR.person_count, 0) gain_count, EventTotal.total, 1 as mode_id
from #inclusion_rules ir
left join
(
  select i.inclusion_rule_id, count_big(i.event_id) as person_count
  from #best_events Q
  JOIN #inclusion_events i on Q.person_id = I.person_id and Q.event_id = i.event_id
  group by i.inclusion_rule_id
) T on ir.rule_sequence = T.inclusion_rule_id
CROSS JOIN (select count(*) as total_rules from #inclusion_rules) RuleTotal
CROSS JOIN (select count_big(event_id) as total from #best_events) EventTotal
LEFT JOIN @results_database_schema.cohort_inclusion_result SR on SR.mode_id = 1 AND SR.cohort_definition_id = @target_cohort_id AND (POWER(cast(2 as bigint),RuleTotal.total_rules) - POWER(cast(2 as bigint),ir.rule_sequence) - 1) = SR.inclusion_rule_mask -- POWER(2,rule count) - POWER(2,rule sequence) - 1 is the mask for 'all except this rule'
;

-- calculate totals
delete from @results_database_schema.cohort_summary_stats where cohort_definition_id = @target_cohort_id and mode_id = 1;
insert into @results_database_schema.cohort_summary_stats (cohort_definition_id, base_count, final_count, mode_id)
select @target_cohort_id as cohort_definition_id, PC.total as person_count, coalesce(FC.total, 0) as final_count, 1 as mode_id
FROM
(select count_big(event_id) as total from #best_events) PC,
(select sum(sr.person_count) as total
  from @results_database_schema.cohort_inclusion_result sr
  CROSS JOIN (select count(*) as total_rules from #inclusion_rules) RuleTotal
  where sr.mode_id = 1 and sr.cohort_definition_id = @target_cohort_id and sr.inclusion_rule_mask = POWER(cast(2 as bigint),RuleTotal.total_rules)-1
) FC
;

-- END: Inclusion Impact Analysis - person

TRUNCATE TABLE #best_events;
DROP TABLE #best_events;

TRUNCATE TABLE #inclusion_rules;
DROP TABLE #inclusion_rules;


TRUNCATE TABLE #strategy_ends;
DROP TABLE #strategy_ends;


TRUNCATE TABLE #cohort_rows;
DROP TABLE #cohort_rows;

TRUNCATE TABLE #final_cohort;
DROP TABLE #final_cohort;

TRUNCATE TABLE #inclusion_events;
DROP TABLE #inclusion_events;

TRUNCATE TABLE #qualified_events;
DROP TABLE #qualified_events;

TRUNCATE TABLE #included_events;
DROP TABLE #included_events;

TRUNCATE TABLE #Codesets;
DROP TABLE #Codesets;
","{
	""cdmVersionRange"" : "">=5.0.0"",
	""PrimaryCriteria"" : {
		""CriteriaList"" : [
			{
				""ConditionOccurrence"" : {
					""CodesetId"" : 3
				}
			}
		],
		""ObservationWindow"" : {
			""PriorDays"" : 0,
			""PostDays"" : 0
		},
		""PrimaryCriteriaLimit"" : {
			""Type"" : ""All""
		}
	},
	""ConceptSets"" : [
		{
			""id"" : 3,
			""name"" : ""Angioedema or urticaria"",
			""expression"" : {
				""items"" : [
					{
						""concept"" : {
							""CONCEPT_ID"" : 4296370,
							""CONCEPT_NAME"" : ""Cutis laxa following urticaria-angioedema"",
							""STANDARD_CONCEPT"" : ""S"",
							""STANDARD_CONCEPT_CAPTION"" : ""Standard"",
							""INVALID_REASON"" : ""V"",
							""INVALID_REASON_CAPTION"" : ""Valid"",
							""CONCEPT_CODE"" : ""403398009"",
							""DOMAIN_ID"" : ""Condition"",
							""VOCABULARY_ID"" : ""SNOMED"",
							""CONCEPT_CLASS_ID"" : ""Clinical Finding""
						},
						""isExcluded"" : false,
						""includeDescendants"" : true,
						""includeMapped"" : false
					},
					{
						""concept"" : {
							""CONCEPT_ID"" : 432791,
							""CONCEPT_NAME"" : ""Angioedema"",
							""STANDARD_CONCEPT"" : ""S"",
							""STANDARD_CONCEPT_CAPTION"" : ""Standard"",
							""INVALID_REASON"" : ""V"",
							""INVALID_REASON_CAPTION"" : ""Valid"",
							""CONCEPT_CODE"" : ""41291007"",
							""DOMAIN_ID"" : ""Condition"",
							""VOCABULARY_ID"" : ""SNOMED"",
							""CONCEPT_CLASS_ID"" : ""Clinical Finding""
						},
						""isExcluded"" : false,
						""includeDescendants"" : true,
						""includeMapped"" : false
					},
					{
						""concept"" : {
							""CONCEPT_ID"" : 4297361,
							""CONCEPT_NAME"" : ""Angioedema and/or urticaria"",
							""STANDARD_CONCEPT"" : ""S"",
							""STANDARD_CONCEPT_CAPTION"" : ""Standard"",
							""INVALID_REASON"" : ""V"",
							""INVALID_REASON_CAPTION"" : ""Valid"",
							""CONCEPT_CODE"" : ""404177007"",
							""DOMAIN_ID"" : ""Condition"",
							""VOCABULARY_ID"" : ""SNOMED"",
							""CONCEPT_CLASS_ID"" : ""Clinical Finding""
						},
						""isExcluded"" : false,
						""includeDescendants"" : true,
						""includeMapped"" : false
					},
					{
						""concept"" : {
							""CONCEPT_ID"" : 4270861,
							""CONCEPT_NAME"" : ""Allergic angioedema"",
							""STANDARD_CONCEPT"" : ""S"",
							""STANDARD_CONCEPT_CAPTION"" : ""Standard"",
							""INVALID_REASON"" : ""V"",
							""INVALID_REASON_CAPTION"" : ""Valid"",
							""CONCEPT_CODE"" : ""402387002"",
							""DOMAIN_ID"" : ""Condition"",
							""VOCABULARY_ID"" : ""SNOMED"",
							""CONCEPT_CLASS_ID"" : ""Clinical Finding""
						},
						""isExcluded"" : false,
						""includeDescendants"" : true,
						""includeMapped"" : false
					}
				]
			}
		},
		{
			""id"" : 10,
			""name"" : ""Angioedema"",
			""expression"" : {
				""items"" : [
					{
						""concept"" : {
							""CONCEPT_ID"" : 4296370,
							""CONCEPT_NAME"" : ""Cutis laxa following urticaria-angioedema"",
							""STANDARD_CONCEPT"" : ""S"",
							""STANDARD_CONCEPT_CAPTION"" : ""Standard"",
							""INVALID_REASON"" : ""V"",
							""INVALID_REASON_CAPTION"" : ""Valid"",
							""CONCEPT_CODE"" : ""403398009"",
							""DOMAIN_ID"" : ""Condition"",
							""VOCABULARY_ID"" : ""SNOMED"",
							""CONCEPT_CLASS_ID"" : ""Clinical Finding""
						},
						""isExcluded"" : false,
						""includeDescendants"" : true,
						""includeMapped"" : false
					},
					{
						""concept"" : {
							""CONCEPT_ID"" : 432791,
							""CONCEPT_NAME"" : ""Angioedema"",
							""STANDARD_CONCEPT"" : ""S"",
							""STANDARD_CONCEPT_CAPTION"" : ""Standard"",
							""INVALID_REASON"" : ""V"",
							""INVALID_REASON_CAPTION"" : ""Valid"",
							""CONCEPT_CODE"" : ""41291007"",
							""DOMAIN_ID"" : ""Condition"",
							""VOCABULARY_ID"" : ""SNOMED"",
							""CONCEPT_CLASS_ID"" : ""Clinical Finding""
						},
						""isExcluded"" : false,
						""includeDescendants"" : true,
						""includeMapped"" : false
					}
				]
			}
		}
	],
	""QualifiedLimit"" : {
		""Type"" : ""All""
	},
	""ExpressionLimit"" : {
		""Type"" : ""All""
	},
	""InclusionRules"" : [
		{
			""name"" : ""Angioedema within 3 days  "",
			""expression"" : {
				""Type"" : ""ALL"",
				""CriteriaList"" : [
					{
						""Criteria"" : {
							""ConditionOccurrence"" : {
								""CodesetId"" : 10
							}
						},
						""StartWindow"" : {
							""Start"" : {
								""Days"" : 0,
								""Coeff"" : -1
							},
							""End"" : {
								""Days"" : 3,
								""Coeff"" : 1
							},
							""UseIndexEnd"" : false,
							""UseEventEnd"" : false
						},
						""RestrictVisit"" : false,
						""IgnoreObservationPeriod"" : false,
						""Occurrence"" : {
							""Type"" : 2,
							""Count"" : 1,
							""IsDistinct"" : false
						}
					}
				],
				""DemographicCriteriaList"" : [],
				""Groups"" : []
			}
		},
		{
			""name"" : ""Washout period 180 days"",
			""expression"" : {
				""Type"" : ""ALL"",
				""CriteriaList"" : [
					{
						""Criteria"" : {
							""ConditionOccurrence"" : {
								""CodesetId"" : 10
							}
						},
						""StartWindow"" : {
							""Start"" : {
								""Days"" : 180,
								""Coeff"" : -1
							},
							""End"" : {
								""Days"" : 1,
								""Coeff"" : -1
							},
							""UseIndexEnd"" : false,
							""UseEventEnd"" : false
						},
						""RestrictVisit"" : false,
						""IgnoreObservationPeriod"" : false,
						""Occurrence"" : {
							""Type"" : 0,
							""Count"" : 0,
							""IsDistinct"" : false
						}
					}
				],
				""DemographicCriteriaList"" : [],
				""Groups"" : []
			}
		}
	],
	""EndStrategy"" : {
		""DateOffset"" : {
			""DateField"" : ""EndDate"",
			""Offset"" : 1
		}
	},
	""CensoringCriteria"" : [],
	""CollapseSettings"" : {
		""CollapseType"" : ""ERA"",
		""EraPad"" : 0
	},
	""CensorWindow"" : {}
}","
",TRUE
19029,19029,[OHDSIAPAC2024Tutorial] All events of Acute Myocardial Infarction inpatient with washout of 365d,"CREATE TABLE #Codesets (
  codeset_id int NOT NULL,
  concept_id bigint NOT NULL
)
;

INSERT INTO #Codesets (codeset_id, concept_id)
SELECT 1 as codeset_id, c.concept_id FROM (select distinct I.concept_id FROM
( 
  select concept_id from @vocabulary_database_schema.CONCEPT where concept_id in (262,9201)
UNION  select c.concept_id
  from @vocabulary_database_schema.CONCEPT c
  join @vocabulary_database_schema.CONCEPT_ANCESTOR ca on c.concept_id = ca.descendant_concept_id
  and ca.ancestor_concept_id in (262,9201)
  and c.invalid_reason is null

) I
) C UNION ALL 
SELECT 2 as codeset_id, c.concept_id FROM (select distinct I.concept_id FROM
( 
  select concept_id from @vocabulary_database_schema.CONCEPT where concept_id in (4329847,4108680,4108678,438172,4124687,45766212,37109910,37109911,37109912)
UNION  select c.concept_id
  from @vocabulary_database_schema.CONCEPT c
  join @vocabulary_database_schema.CONCEPT_ANCESTOR ca on c.concept_id = ca.descendant_concept_id
  and ca.ancestor_concept_id in (4329847,4108680,4108678,438172,4124687,45766212,37109910,37109911,37109912)
  and c.invalid_reason is null

) I
LEFT JOIN
(
  select concept_id from @vocabulary_database_schema.CONCEPT where concept_id in (314666)
UNION  select c.concept_id
  from @vocabulary_database_schema.CONCEPT c
  join @vocabulary_database_schema.CONCEPT_ANCESTOR ca on c.concept_id = ca.descendant_concept_id
  and ca.ancestor_concept_id in (314666)
  and c.invalid_reason is null

) E ON I.concept_id = E.concept_id
WHERE E.concept_id is null
) C;

UPDATE STATISTICS #Codesets;


SELECT event_id, person_id, start_date, end_date, op_start_date, op_end_date, visit_occurrence_id
INTO #qualified_events
FROM 
(
  select pe.event_id, pe.person_id, pe.start_date, pe.end_date, pe.op_start_date, pe.op_end_date, row_number() over (partition by pe.person_id order by pe.start_date ASC) as ordinal, cast(pe.visit_occurrence_id as bigint) as visit_occurrence_id
  FROM (-- Begin Primary Events
select P.ordinal as event_id, P.person_id, P.start_date, P.end_date, op_start_date, op_end_date, cast(P.visit_occurrence_id as bigint) as visit_occurrence_id
FROM
(
  select E.person_id, E.start_date, E.end_date,
         row_number() OVER (PARTITION BY E.person_id ORDER BY E.sort_date ASC, E.event_id) ordinal,
         OP.observation_period_start_date as op_start_date, OP.observation_period_end_date as op_end_date, cast(E.visit_occurrence_id as bigint) as visit_occurrence_id
  FROM 
  (
  -- Begin Condition Occurrence Criteria
SELECT C.person_id, C.condition_occurrence_id as event_id, C.start_date, C.end_date,
  C.visit_occurrence_id, C.start_date as sort_date
FROM 
(
  SELECT co.person_id,co.condition_occurrence_id,co.condition_concept_id,co.visit_occurrence_id,co.condition_start_date as start_date, COALESCE(co.condition_end_date, DATEADD(day,1,co.condition_start_date)) as end_date 
  FROM @cdm_database_schema.CONDITION_OCCURRENCE co
  JOIN #Codesets cs on (co.condition_concept_id = cs.concept_id and cs.codeset_id = 2)
) C


-- End Condition Occurrence Criteria

  ) E
	JOIN @cdm_database_schema.observation_period OP on E.person_id = OP.person_id and E.start_date >=  OP.observation_period_start_date and E.start_date <= op.observation_period_end_date
  WHERE DATEADD(day,0,OP.OBSERVATION_PERIOD_START_DATE) <= E.START_DATE AND DATEADD(day,0,E.START_DATE) <= OP.OBSERVATION_PERIOD_END_DATE
) P

-- End Primary Events
) pe
  
JOIN (
-- Begin Criteria Group
select 0 as index_id, person_id, event_id
FROM
(
  select E.person_id, E.event_id 
  FROM (-- Begin Primary Events
select P.ordinal as event_id, P.person_id, P.start_date, P.end_date, op_start_date, op_end_date, cast(P.visit_occurrence_id as bigint) as visit_occurrence_id
FROM
(
  select E.person_id, E.start_date, E.end_date,
         row_number() OVER (PARTITION BY E.person_id ORDER BY E.sort_date ASC, E.event_id) ordinal,
         OP.observation_period_start_date as op_start_date, OP.observation_period_end_date as op_end_date, cast(E.visit_occurrence_id as bigint) as visit_occurrence_id
  FROM 
  (
  -- Begin Condition Occurrence Criteria
SELECT C.person_id, C.condition_occurrence_id as event_id, C.start_date, C.end_date,
  C.visit_occurrence_id, C.start_date as sort_date
FROM 
(
  SELECT co.person_id,co.condition_occurrence_id,co.condition_concept_id,co.visit_occurrence_id,co.condition_start_date as start_date, COALESCE(co.condition_end_date, DATEADD(day,1,co.condition_start_date)) as end_date 
  FROM @cdm_database_schema.CONDITION_OCCURRENCE co
  JOIN #Codesets cs on (co.condition_concept_id = cs.concept_id and cs.codeset_id = 2)
) C


-- End Condition Occurrence Criteria

  ) E
	JOIN @cdm_database_schema.observation_period OP on E.person_id = OP.person_id and E.start_date >=  OP.observation_period_start_date and E.start_date <= op.observation_period_end_date
  WHERE DATEADD(day,0,OP.OBSERVATION_PERIOD_START_DATE) <= E.START_DATE AND DATEADD(day,0,E.START_DATE) <= OP.OBSERVATION_PERIOD_END_DATE
) P

-- End Primary Events
) E
  INNER JOIN
  (
    -- Begin Correlated Criteria
select 0 as index_id, cc.person_id, cc.event_id
from (SELECT p.person_id, p.event_id 
FROM (-- Begin Primary Events
select P.ordinal as event_id, P.person_id, P.start_date, P.end_date, op_start_date, op_end_date, cast(P.visit_occurrence_id as bigint) as visit_occurrence_id
FROM
(
  select E.person_id, E.start_date, E.end_date,
         row_number() OVER (PARTITION BY E.person_id ORDER BY E.sort_date ASC, E.event_id) ordinal,
         OP.observation_period_start_date as op_start_date, OP.observation_period_end_date as op_end_date, cast(E.visit_occurrence_id as bigint) as visit_occurrence_id
  FROM 
  (
  -- Begin Condition Occurrence Criteria
SELECT C.person_id, C.condition_occurrence_id as event_id, C.start_date, C.end_date,
  C.visit_occurrence_id, C.start_date as sort_date
FROM 
(
  SELECT co.person_id,co.condition_occurrence_id,co.condition_concept_id,co.visit_occurrence_id,co.condition_start_date as start_date, COALESCE(co.condition_end_date, DATEADD(day,1,co.condition_start_date)) as end_date 
  FROM @cdm_database_schema.CONDITION_OCCURRENCE co
  JOIN #Codesets cs on (co.condition_concept_id = cs.concept_id and cs.codeset_id = 2)
) C


-- End Condition Occurrence Criteria

  ) E
	JOIN @cdm_database_schema.observation_period OP on E.person_id = OP.person_id and E.start_date >=  OP.observation_period_start_date and E.start_date <= op.observation_period_end_date
  WHERE DATEADD(day,0,OP.OBSERVATION_PERIOD_START_DATE) <= E.START_DATE AND DATEADD(day,0,E.START_DATE) <= OP.OBSERVATION_PERIOD_END_DATE
) P

-- End Primary Events
) P
JOIN (
  -- Begin Visit Occurrence Criteria
select C.person_id, C.visit_occurrence_id as event_id, C.start_date, C.end_date,
       C.visit_occurrence_id, C.start_date as sort_date
from 
(
  select vo.person_id,vo.visit_occurrence_id,vo.visit_concept_id,vo.visit_start_date as start_date, vo.visit_end_date as end_date 
  FROM @cdm_database_schema.VISIT_OCCURRENCE vo
JOIN #Codesets cs on (vo.visit_concept_id = cs.concept_id and cs.codeset_id = 1)
) C


-- End Visit Occurrence Criteria

) A on A.person_id = P.person_id  AND A.START_DATE >= P.OP_START_DATE AND A.START_DATE <= P.OP_END_DATE AND A.START_DATE >= P.OP_START_DATE AND A.START_DATE <= DATEADD(day,0,P.START_DATE) AND A.END_DATE >= DATEADD(day,0,P.START_DATE) AND A.END_DATE <= P.OP_END_DATE ) cc 
GROUP BY cc.person_id, cc.event_id
HAVING COUNT(cc.event_id) >= 1
-- End Correlated Criteria

  ) CQ on E.person_id = CQ.person_id and E.event_id = CQ.event_id
  GROUP BY E.person_id, E.event_id
  HAVING COUNT(index_id) = 1
) G
-- End Criteria Group
) AC on AC.person_id = pe.person_id and AC.event_id = pe.event_id

) QE

;

--- Inclusion Rule Inserts

select 0 as inclusion_rule_id, person_id, event_id
INTO #Inclusion_0
FROM 
(
  select pe.person_id, pe.event_id
  FROM #qualified_events pe
  
JOIN (
-- Begin Criteria Group
select 0 as index_id, person_id, event_id
FROM
(
  select E.person_id, E.event_id 
  FROM #qualified_events E
  INNER JOIN
  (
    -- Begin Correlated Criteria
select 0 as index_id, p.person_id, p.event_id
from #qualified_events p
LEFT JOIN (
SELECT p.person_id, p.event_id 
FROM #qualified_events P
JOIN (
  select PE.person_id, PE.event_id, PE.start_date, PE.end_date, PE.visit_occurrence_id, PE.sort_date FROM (
-- Begin Condition Occurrence Criteria
SELECT C.person_id, C.condition_occurrence_id as event_id, C.start_date, C.end_date,
  C.visit_occurrence_id, C.start_date as sort_date
FROM 
(
  SELECT co.person_id,co.condition_occurrence_id,co.condition_concept_id,co.visit_occurrence_id,co.condition_start_date as start_date, COALESCE(co.condition_end_date, DATEADD(day,1,co.condition_start_date)) as end_date 
  FROM @cdm_database_schema.CONDITION_OCCURRENCE co
  JOIN #Codesets cs on (co.condition_concept_id = cs.concept_id and cs.codeset_id = 2)
) C


-- End Condition Occurrence Criteria

) PE
JOIN (
-- Begin Criteria Group
select 0 as index_id, person_id, event_id
FROM
(
  select E.person_id, E.event_id 
  FROM (SELECT Q.person_id, Q.event_id, Q.start_date, Q.end_date, Q.visit_occurrence_id, OP.observation_period_start_date as op_start_date, OP.observation_period_end_date as op_end_date
FROM (-- Begin Condition Occurrence Criteria
SELECT C.person_id, C.condition_occurrence_id as event_id, C.start_date, C.end_date,
  C.visit_occurrence_id, C.start_date as sort_date
FROM 
(
  SELECT co.person_id,co.condition_occurrence_id,co.condition_concept_id,co.visit_occurrence_id,co.condition_start_date as start_date, COALESCE(co.condition_end_date, DATEADD(day,1,co.condition_start_date)) as end_date 
  FROM @cdm_database_schema.CONDITION_OCCURRENCE co
  JOIN #Codesets cs on (co.condition_concept_id = cs.concept_id and cs.codeset_id = 2)
) C


-- End Condition Occurrence Criteria
) Q
JOIN @cdm_database_schema.OBSERVATION_PERIOD OP on Q.person_id = OP.person_id 
  and OP.observation_period_start_date <= Q.start_date and OP.observation_period_end_date >= Q.start_date
) E
  INNER JOIN
  (
    -- Begin Correlated Criteria
select 0 as index_id, cc.person_id, cc.event_id
from (SELECT p.person_id, p.event_id 
FROM (SELECT Q.person_id, Q.event_id, Q.start_date, Q.end_date, Q.visit_occurrence_id, OP.observation_period_start_date as op_start_date, OP.observation_period_end_date as op_end_date
FROM (-- Begin Condition Occurrence Criteria
SELECT C.person_id, C.condition_occurrence_id as event_id, C.start_date, C.end_date,
  C.visit_occurrence_id, C.start_date as sort_date
FROM 
(
  SELECT co.person_id,co.condition_occurrence_id,co.condition_concept_id,co.visit_occurrence_id,co.condition_start_date as start_date, COALESCE(co.condition_end_date, DATEADD(day,1,co.condition_start_date)) as end_date 
  FROM @cdm_database_schema.CONDITION_OCCURRENCE co
  JOIN #Codesets cs on (co.condition_concept_id = cs.concept_id and cs.codeset_id = 2)
) C


-- End Condition Occurrence Criteria
) Q
JOIN @cdm_database_schema.OBSERVATION_PERIOD OP on Q.person_id = OP.person_id 
  and OP.observation_period_start_date <= Q.start_date and OP.observation_period_end_date >= Q.start_date
) P
JOIN (
  -- Begin Visit Occurrence Criteria
select C.person_id, C.visit_occurrence_id as event_id, C.start_date, C.end_date,
       C.visit_occurrence_id, C.start_date as sort_date
from 
(
  select vo.person_id,vo.visit_occurrence_id,vo.visit_concept_id,vo.visit_start_date as start_date, vo.visit_end_date as end_date 
  FROM @cdm_database_schema.VISIT_OCCURRENCE vo
JOIN #Codesets cs on (vo.visit_concept_id = cs.concept_id and cs.codeset_id = 1)
) C


-- End Visit Occurrence Criteria

) A on A.person_id = P.person_id  AND A.START_DATE >= P.OP_START_DATE AND A.START_DATE <= P.OP_END_DATE AND A.START_DATE >= P.OP_START_DATE AND A.START_DATE <= DATEADD(day,0,P.START_DATE) AND A.END_DATE >= DATEADD(day,0,P.START_DATE) AND A.END_DATE <= P.OP_END_DATE ) cc 
GROUP BY cc.person_id, cc.event_id
HAVING COUNT(cc.event_id) >= 1
-- End Correlated Criteria

  ) CQ on E.person_id = CQ.person_id and E.event_id = CQ.event_id
  GROUP BY E.person_id, E.event_id
  HAVING COUNT(index_id) = 1
) G
-- End Criteria Group
) AC on AC.person_id = pe.person_id and AC.event_id = pe.event_id

) A on A.person_id = P.person_id  AND A.START_DATE >= DATEADD(day,-365,P.START_DATE) AND A.START_DATE <= DATEADD(day,-1,P.START_DATE) ) cc on p.person_id = cc.person_id and p.event_id = cc.event_id
GROUP BY p.person_id, p.event_id
HAVING COUNT(cc.event_id) = 0
-- End Correlated Criteria

  ) CQ on E.person_id = CQ.person_id and E.event_id = CQ.event_id
  GROUP BY E.person_id, E.event_id
  HAVING COUNT(index_id) = 1
) G
-- End Criteria Group
) AC on AC.person_id = pe.person_id AND AC.event_id = pe.event_id
) Results
;

SELECT inclusion_rule_id, person_id, event_id
INTO #inclusion_events
FROM (select inclusion_rule_id, person_id, event_id from #Inclusion_0) I;
TRUNCATE TABLE #Inclusion_0;
DROP TABLE #Inclusion_0;


select event_id, person_id, start_date, end_date, op_start_date, op_end_date
into #included_events
FROM (
  SELECT event_id, person_id, start_date, end_date, op_start_date, op_end_date, row_number() over (partition by person_id order by start_date ASC) as ordinal
  from
  (
    select Q.event_id, Q.person_id, Q.start_date, Q.end_date, Q.op_start_date, Q.op_end_date, SUM(coalesce(POWER(cast(2 as bigint), I.inclusion_rule_id), 0)) as inclusion_rule_mask
    from #qualified_events Q
    LEFT JOIN #inclusion_events I on I.person_id = Q.person_id and I.event_id = Q.event_id
    GROUP BY Q.event_id, Q.person_id, Q.start_date, Q.end_date, Q.op_start_date, Q.op_end_date
  ) MG -- matching groups

  -- the matching group with all bits set ( POWER(2,# of inclusion rules) - 1 = inclusion_rule_mask
  WHERE (MG.inclusion_rule_mask = POWER(cast(2 as bigint),1)-1)

) Results

;

-- date offset strategy

select event_id, person_id, 
  case when DATEADD(day,1,start_date) > op_end_date then op_end_date else DATEADD(day,1,start_date) end as end_date
INTO #strategy_ends
from #included_events;


-- generate cohort periods into #final_cohort
select person_id, start_date, end_date
INTO #cohort_rows
from ( -- first_ends
	select F.person_id, F.start_date, F.end_date
	FROM (
	  select I.event_id, I.person_id, I.start_date, CE.end_date, row_number() over (partition by I.person_id, I.event_id order by CE.end_date) as ordinal
	  from #included_events I
	  join ( -- cohort_ends
-- cohort exit dates
-- End Date Strategy
SELECT event_id, person_id, end_date from #strategy_ends

    ) CE on I.event_id = CE.event_id and I.person_id = CE.person_id and CE.end_date >= I.start_date
	) F
	WHERE F.ordinal = 1
) FE;

select person_id, min(start_date) as start_date, end_date
into #final_cohort
from ( --cteEnds
	SELECT
		 c.person_id
		, c.start_date
		, MIN(ed.end_date) AS end_date
	FROM #cohort_rows c
	JOIN ( -- cteEndDates
    SELECT
      person_id
      , DATEADD(day,-1 * 0, event_date)  as end_date
    FROM
    (
      SELECT
        person_id
        , event_date
        , event_type
        , SUM(event_type) OVER (PARTITION BY person_id ORDER BY event_date, event_type ROWS UNBOUNDED PRECEDING) AS interval_status
      FROM
      (
        SELECT
          person_id
          , start_date AS event_date
          , -1 AS event_type
        FROM #cohort_rows

        UNION ALL


        SELECT
          person_id
          , DATEADD(day,0,end_date) as end_date
          , 1 AS event_type
        FROM #cohort_rows
      ) RAWDATA
    ) e
    WHERE interval_status = 0
  ) ed ON c.person_id = ed.person_id AND ed.end_date >= c.start_date
	GROUP BY c.person_id, c.start_date
) e
group by person_id, end_date
;

DELETE FROM @target_database_schema.@target_cohort_table where cohort_definition_id = @target_cohort_id;
INSERT INTO @target_database_schema.@target_cohort_table (cohort_definition_id, subject_id, cohort_start_date, cohort_end_date)
select @target_cohort_id as cohort_definition_id, person_id, start_date, end_date 
FROM #final_cohort CO
;


-- BEGIN: Censored Stats

delete from @results_database_schema.cohort_censor_stats where cohort_definition_id = @target_cohort_id;

-- END: Censored Stats



-- Create a temp table of inclusion rule rows for joining in the inclusion rule impact analysis

select cast(rule_sequence as int) as rule_sequence
into #inclusion_rules
from (
  SELECT CAST(0 as int) as rule_sequence
) IR;


-- Find the event that is the 'best match' per person.  
-- the 'best match' is defined as the event that satisfies the most inclusion rules.
-- ties are solved by choosing the event that matches the earliest inclusion rule, and then earliest.

select q.person_id, q.event_id
into #best_events
from #qualified_events Q
join (
	SELECT R.person_id, R.event_id, ROW_NUMBER() OVER (PARTITION BY R.person_id ORDER BY R.rule_count DESC,R.min_rule_id ASC, R.start_date ASC) AS rank_value
	FROM (
		SELECT Q.person_id, Q.event_id, COALESCE(COUNT(DISTINCT I.inclusion_rule_id), 0) AS rule_count, COALESCE(MIN(I.inclusion_rule_id), 0) AS min_rule_id, Q.start_date
		FROM #qualified_events Q
		LEFT JOIN #inclusion_events I ON q.person_id = i.person_id AND q.event_id = i.event_id
		GROUP BY Q.person_id, Q.event_id, Q.start_date
	) R
) ranked on Q.person_id = ranked.person_id and Q.event_id = ranked.event_id
WHERE ranked.rank_value = 1
;

-- modes of generation: (the same tables store the results for the different modes, identified by the mode_id column)
-- 0: all events
-- 1: best event


-- BEGIN: Inclusion Impact Analysis - event
-- calculte matching group counts
delete from @results_database_schema.cohort_inclusion_result where cohort_definition_id = @target_cohort_id and mode_id = 0;
insert into @results_database_schema.cohort_inclusion_result (cohort_definition_id, inclusion_rule_mask, person_count, mode_id)
select @target_cohort_id as cohort_definition_id, inclusion_rule_mask, count_big(*) as person_count, 0 as mode_id
from
(
  select Q.person_id, Q.event_id, CAST(SUM(coalesce(POWER(cast(2 as bigint), I.inclusion_rule_id), 0)) AS bigint) as inclusion_rule_mask
  from #qualified_events Q
  LEFT JOIN #inclusion_events I on q.person_id = i.person_id and q.event_id = i.event_id
  GROUP BY Q.person_id, Q.event_id
) MG -- matching groups
group by inclusion_rule_mask
;

-- calculate gain counts 
delete from @results_database_schema.cohort_inclusion_stats where cohort_definition_id = @target_cohort_id and mode_id = 0;
insert into @results_database_schema.cohort_inclusion_stats (cohort_definition_id, rule_sequence, person_count, gain_count, person_total, mode_id)
select @target_cohort_id as cohort_definition_id, ir.rule_sequence, coalesce(T.person_count, 0) as person_count, coalesce(SR.person_count, 0) gain_count, EventTotal.total, 0 as mode_id
from #inclusion_rules ir
left join
(
  select i.inclusion_rule_id, count_big(i.event_id) as person_count
  from #qualified_events Q
  JOIN #inclusion_events i on Q.person_id = I.person_id and Q.event_id = i.event_id
  group by i.inclusion_rule_id
) T on ir.rule_sequence = T.inclusion_rule_id
CROSS JOIN (select count(*) as total_rules from #inclusion_rules) RuleTotal
CROSS JOIN (select count_big(event_id) as total from #qualified_events) EventTotal
LEFT JOIN @results_database_schema.cohort_inclusion_result SR on SR.mode_id = 0 AND SR.cohort_definition_id = @target_cohort_id AND (POWER(cast(2 as bigint),RuleTotal.total_rules) - POWER(cast(2 as bigint),ir.rule_sequence) - 1) = SR.inclusion_rule_mask -- POWER(2,rule count) - POWER(2,rule sequence) - 1 is the mask for 'all except this rule'
;

-- calculate totals
delete from @results_database_schema.cohort_summary_stats where cohort_definition_id = @target_cohort_id and mode_id = 0;
insert into @results_database_schema.cohort_summary_stats (cohort_definition_id, base_count, final_count, mode_id)
select @target_cohort_id as cohort_definition_id, PC.total as person_count, coalesce(FC.total, 0) as final_count, 0 as mode_id
FROM
(select count_big(event_id) as total from #qualified_events) PC,
(select sum(sr.person_count) as total
  from @results_database_schema.cohort_inclusion_result sr
  CROSS JOIN (select count(*) as total_rules from #inclusion_rules) RuleTotal
  where sr.mode_id = 0 and sr.cohort_definition_id = @target_cohort_id and sr.inclusion_rule_mask = POWER(cast(2 as bigint),RuleTotal.total_rules)-1
) FC
;

-- END: Inclusion Impact Analysis - event

-- BEGIN: Inclusion Impact Analysis - person
-- calculte matching group counts
delete from @results_database_schema.cohort_inclusion_result where cohort_definition_id = @target_cohort_id and mode_id = 1;
insert into @results_database_schema.cohort_inclusion_result (cohort_definition_id, inclusion_rule_mask, person_count, mode_id)
select @target_cohort_id as cohort_definition_id, inclusion_rule_mask, count_big(*) as person_count, 1 as mode_id
from
(
  select Q.person_id, Q.event_id, CAST(SUM(coalesce(POWER(cast(2 as bigint), I.inclusion_rule_id), 0)) AS bigint) as inclusion_rule_mask
  from #best_events Q
  LEFT JOIN #inclusion_events I on q.person_id = i.person_id and q.event_id = i.event_id
  GROUP BY Q.person_id, Q.event_id
) MG -- matching groups
group by inclusion_rule_mask
;

-- calculate gain counts 
delete from @results_database_schema.cohort_inclusion_stats where cohort_definition_id = @target_cohort_id and mode_id = 1;
insert into @results_database_schema.cohort_inclusion_stats (cohort_definition_id, rule_sequence, person_count, gain_count, person_total, mode_id)
select @target_cohort_id as cohort_definition_id, ir.rule_sequence, coalesce(T.person_count, 0) as person_count, coalesce(SR.person_count, 0) gain_count, EventTotal.total, 1 as mode_id
from #inclusion_rules ir
left join
(
  select i.inclusion_rule_id, count_big(i.event_id) as person_count
  from #best_events Q
  JOIN #inclusion_events i on Q.person_id = I.person_id and Q.event_id = i.event_id
  group by i.inclusion_rule_id
) T on ir.rule_sequence = T.inclusion_rule_id
CROSS JOIN (select count(*) as total_rules from #inclusion_rules) RuleTotal
CROSS JOIN (select count_big(event_id) as total from #best_events) EventTotal
LEFT JOIN @results_database_schema.cohort_inclusion_result SR on SR.mode_id = 1 AND SR.cohort_definition_id = @target_cohort_id AND (POWER(cast(2 as bigint),RuleTotal.total_rules) - POWER(cast(2 as bigint),ir.rule_sequence) - 1) = SR.inclusion_rule_mask -- POWER(2,rule count) - POWER(2,rule sequence) - 1 is the mask for 'all except this rule'
;

-- calculate totals
delete from @results_database_schema.cohort_summary_stats where cohort_definition_id = @target_cohort_id and mode_id = 1;
insert into @results_database_schema.cohort_summary_stats (cohort_definition_id, base_count, final_count, mode_id)
select @target_cohort_id as cohort_definition_id, PC.total as person_count, coalesce(FC.total, 0) as final_count, 1 as mode_id
FROM
(select count_big(event_id) as total from #best_events) PC,
(select sum(sr.person_count) as total
  from @results_database_schema.cohort_inclusion_result sr
  CROSS JOIN (select count(*) as total_rules from #inclusion_rules) RuleTotal
  where sr.mode_id = 1 and sr.cohort_definition_id = @target_cohort_id and sr.inclusion_rule_mask = POWER(cast(2 as bigint),RuleTotal.total_rules)-1
) FC
;

-- END: Inclusion Impact Analysis - person

TRUNCATE TABLE #best_events;
DROP TABLE #best_events;

TRUNCATE TABLE #inclusion_rules;
DROP TABLE #inclusion_rules;


TRUNCATE TABLE #strategy_ends;
DROP TABLE #strategy_ends;


TRUNCATE TABLE #cohort_rows;
DROP TABLE #cohort_rows;

TRUNCATE TABLE #final_cohort;
DROP TABLE #final_cohort;

TRUNCATE TABLE #inclusion_events;
DROP TABLE #inclusion_events;

TRUNCATE TABLE #qualified_events;
DROP TABLE #qualified_events;

TRUNCATE TABLE #included_events;
DROP TABLE #included_events;

TRUNCATE TABLE #Codesets;
DROP TABLE #Codesets;
","{
	""cdmVersionRange"" : "">=5.0.0"",
	""PrimaryCriteria"" : {
		""CriteriaList"" : [
			{
				""ConditionOccurrence"" : {
					""CodesetId"" : 2
				}
			}
		],
		""ObservationWindow"" : {
			""PriorDays"" : 0,
			""PostDays"" : 0
		},
		""PrimaryCriteriaLimit"" : {
			""Type"" : ""All""
		}
	},
	""AdditionalCriteria"" : {
		""Type"" : ""ALL"",
		""CriteriaList"" : [
			{
				""Criteria"" : {
					""VisitOccurrence"" : {
						""CodesetId"" : 1,
						""VisitTypeExclude"" : false
					}
				},
				""StartWindow"" : {
					""Start"" : {
						""Coeff"" : -1
					},
					""End"" : {
						""Days"" : 0,
						""Coeff"" : 1
					},
					""UseIndexEnd"" : false,
					""UseEventEnd"" : false
				},
				""EndWindow"" : {
					""Start"" : {
						""Days"" : 0,
						""Coeff"" : -1
					},
					""End"" : {
						""Coeff"" : 1
					},
					""UseIndexEnd"" : false,
					""UseEventEnd"" : true
				},
				""RestrictVisit"" : false,
				""IgnoreObservationPeriod"" : false,
				""Occurrence"" : {
					""Type"" : 2,
					""Count"" : 1,
					""IsDistinct"" : false
				}
			}
		],
		""DemographicCriteriaList"" : [],
		""Groups"" : []
	},
	""ConceptSets"" : [
		{
			""id"" : 1,
			""name"" : ""Inpatient or Inpatient/ER visit"",
			""expression"" : {
				""items"" : [
					{
						""concept"" : {
							""CONCEPT_ID"" : 262,
							""CONCEPT_NAME"" : ""Emergency Room and Inpatient Visit"",
							""STANDARD_CONCEPT"" : ""S"",
							""STANDARD_CONCEPT_CAPTION"" : ""Standard"",
							""INVALID_REASON"" : ""V"",
							""INVALID_REASON_CAPTION"" : ""Valid"",
							""CONCEPT_CODE"" : ""ERIP"",
							""DOMAIN_ID"" : ""Visit"",
							""VOCABULARY_ID"" : ""Visit"",
							""CONCEPT_CLASS_ID"" : ""Visit""
						},
						""isExcluded"" : false,
						""includeDescendants"" : true,
						""includeMapped"" : false
					},
					{
						""concept"" : {
							""CONCEPT_ID"" : 9201,
							""CONCEPT_NAME"" : ""Inpatient Visit"",
							""STANDARD_CONCEPT"" : ""S"",
							""STANDARD_CONCEPT_CAPTION"" : ""Standard"",
							""INVALID_REASON"" : ""V"",
							""INVALID_REASON_CAPTION"" : ""Valid"",
							""CONCEPT_CODE"" : ""IP"",
							""DOMAIN_ID"" : ""Visit"",
							""VOCABULARY_ID"" : ""Visit"",
							""CONCEPT_CLASS_ID"" : ""Visit""
						},
						""isExcluded"" : false,
						""includeDescendants"" : true,
						""includeMapped"" : false
					}
				]
			}
		},
		{
			""id"" : 2,
			""name"" : ""Myocardial Infarction and complication"",
			""expression"" : {
				""items"" : [
					{
						""concept"" : {
							""CONCEPT_ID"" : 4329847,
							""CONCEPT_NAME"" : ""Myocardial infarction"",
							""STANDARD_CONCEPT"" : ""S"",
							""STANDARD_CONCEPT_CAPTION"" : ""Standard"",
							""INVALID_REASON"" : ""V"",
							""INVALID_REASON_CAPTION"" : ""Valid"",
							""CONCEPT_CODE"" : ""22298006"",
							""DOMAIN_ID"" : ""Condition"",
							""VOCABULARY_ID"" : ""SNOMED"",
							""CONCEPT_CLASS_ID"" : ""Clinical Finding""
						},
						""isExcluded"" : false,
						""includeDescendants"" : true,
						""includeMapped"" : false
					},
					{
						""concept"" : {
							""CONCEPT_ID"" : 4108680,
							""CONCEPT_NAME"" : ""Thrombosis of atrium, auricular appendage, and ventricle due to and following acute myocardial infarction"",
							""STANDARD_CONCEPT"" : ""S"",
							""STANDARD_CONCEPT_CAPTION"" : ""Standard"",
							""INVALID_REASON"" : ""V"",
							""INVALID_REASON_CAPTION"" : ""Valid"",
							""CONCEPT_CODE"" : ""194868001"",
							""DOMAIN_ID"" : ""Condition"",
							""VOCABULARY_ID"" : ""SNOMED"",
							""CONCEPT_CLASS_ID"" : ""Clinical Finding""
						},
						""isExcluded"" : false,
						""includeDescendants"" : true,
						""includeMapped"" : false
					},
					{
						""concept"" : {
							""CONCEPT_ID"" : 4108678,
							""CONCEPT_NAME"" : ""Hemopericardium due to and following acute myocardial infarction"",
							""STANDARD_CONCEPT"" : ""S"",
							""STANDARD_CONCEPT_CAPTION"" : ""Standard"",
							""INVALID_REASON"" : ""V"",
							""INVALID_REASON_CAPTION"" : ""Valid"",
							""CONCEPT_CODE"" : ""194862000"",
							""DOMAIN_ID"" : ""Condition"",
							""VOCABULARY_ID"" : ""SNOMED"",
							""CONCEPT_CLASS_ID"" : ""Clinical Finding""
						},
						""isExcluded"" : false,
						""includeDescendants"" : true,
						""includeMapped"" : false
					},
					{
						""concept"" : {
							""CONCEPT_ID"" : 438172,
							""CONCEPT_NAME"" : ""Atrial septal defect due to and following acute myocardial infarction"",
							""STANDARD_CONCEPT"" : ""S"",
							""STANDARD_CONCEPT_CAPTION"" : ""Standard"",
							""INVALID_REASON"" : ""V"",
							""INVALID_REASON_CAPTION"" : ""Valid"",
							""CONCEPT_CODE"" : ""194863005"",
							""DOMAIN_ID"" : ""Condition"",
							""VOCABULARY_ID"" : ""SNOMED"",
							""CONCEPT_CLASS_ID"" : ""Clinical Finding""
						},
						""isExcluded"" : false,
						""includeDescendants"" : true,
						""includeMapped"" : false
					},
					{
						""concept"" : {
							""CONCEPT_ID"" : 4124687,
							""CONCEPT_NAME"" : ""Cardiac rupture due to and following acute myocardial infarction"",
							""STANDARD_CONCEPT"" : ""S"",
							""STANDARD_CONCEPT_CAPTION"" : ""Standard"",
							""INVALID_REASON"" : ""V"",
							""INVALID_REASON_CAPTION"" : ""Valid"",
							""CONCEPT_CODE"" : ""233847009"",
							""DOMAIN_ID"" : ""Condition"",
							""VOCABULARY_ID"" : ""SNOMED"",
							""CONCEPT_CLASS_ID"" : ""Clinical Finding""
						},
						""isExcluded"" : false,
						""includeDescendants"" : true,
						""includeMapped"" : false
					},
					{
						""concept"" : {
							""CONCEPT_ID"" : 45766212,
							""CONCEPT_NAME"" : ""Mitral valve regurgitation due to and following acute myocardial infarction"",
							""STANDARD_CONCEPT"" : ""S"",
							""STANDARD_CONCEPT_CAPTION"" : ""Standard"",
							""INVALID_REASON"" : ""V"",
							""INVALID_REASON_CAPTION"" : ""Valid"",
							""CONCEPT_CODE"" : ""703326006"",
							""DOMAIN_ID"" : ""Condition"",
							""VOCABULARY_ID"" : ""SNOMED"",
							""CONCEPT_CLASS_ID"" : ""Clinical Finding""
						},
						""isExcluded"" : false,
						""includeDescendants"" : true,
						""includeMapped"" : false
					},
					{
						""concept"" : {
							""CONCEPT_ID"" : 37109910,
							""CONCEPT_NAME"" : ""Ventricular aneurysm due to and following acute myocardial infarction"",
							""STANDARD_CONCEPT"" : ""S"",
							""STANDARD_CONCEPT_CAPTION"" : ""Standard"",
							""INVALID_REASON"" : ""V"",
							""INVALID_REASON_CAPTION"" : ""Valid"",
							""CONCEPT_CODE"" : ""723858002"",
							""DOMAIN_ID"" : ""Condition"",
							""VOCABULARY_ID"" : ""SNOMED"",
							""CONCEPT_CLASS_ID"" : ""Clinical Finding""
						},
						""isExcluded"" : false,
						""includeDescendants"" : true,
						""includeMapped"" : false
					},
					{
						""concept"" : {
							""CONCEPT_ID"" : 37109911,
							""CONCEPT_NAME"" : ""Pulmonary embolism due to and following acute myocardial infarction"",
							""STANDARD_CONCEPT"" : ""S"",
							""STANDARD_CONCEPT_CAPTION"" : ""Standard"",
							""INVALID_REASON"" : ""V"",
							""INVALID_REASON_CAPTION"" : ""Valid"",
							""CONCEPT_CODE"" : ""723859005"",
							""DOMAIN_ID"" : ""Condition"",
							""VOCABULARY_ID"" : ""SNOMED"",
							""CONCEPT_CLASS_ID"" : ""Clinical Finding""
						},
						""isExcluded"" : false,
						""includeDescendants"" : true,
						""includeMapped"" : false
					},
					{
						""concept"" : {
							""CONCEPT_ID"" : 37109912,
							""CONCEPT_NAME"" : ""Arrhythmia due to and following acute myocardial infarction"",
							""STANDARD_CONCEPT"" : ""S"",
							""STANDARD_CONCEPT_CAPTION"" : ""Standard"",
							""INVALID_REASON"" : ""V"",
							""INVALID_REASON_CAPTION"" : ""Valid"",
							""CONCEPT_CODE"" : ""723860000"",
							""DOMAIN_ID"" : ""Condition"",
							""VOCABULARY_ID"" : ""SNOMED"",
							""CONCEPT_CLASS_ID"" : ""Clinical Finding""
						},
						""isExcluded"" : false,
						""includeDescendants"" : true,
						""includeMapped"" : false
					},
					{
						""concept"" : {
							""CONCEPT_ID"" : 314666,
							""CONCEPT_NAME"" : ""Old myocardial infarction"",
							""STANDARD_CONCEPT"" : ""S"",
							""STANDARD_CONCEPT_CAPTION"" : ""Standard"",
							""INVALID_REASON"" : ""V"",
							""INVALID_REASON_CAPTION"" : ""Valid"",
							""CONCEPT_CODE"" : ""1755008"",
							""DOMAIN_ID"" : ""Condition"",
							""VOCABULARY_ID"" : ""SNOMED"",
							""CONCEPT_CLASS_ID"" : ""Clinical Finding""
						},
						""isExcluded"" : true,
						""includeDescendants"" : true,
						""includeMapped"" : false
					}
				]
			}
		}
	],
	""QualifiedLimit"" : {
		""Type"" : ""All""
	},
	""ExpressionLimit"" : {
		""Type"" : ""All""
	},
	""InclusionRules"" : [
		{
			""name"" : ""has no events in prior 'clean window' - 365 days"",
			""expression"" : {
				""Type"" : ""ALL"",
				""CriteriaList"" : [
					{
						""Criteria"" : {
							""ConditionOccurrence"" : {
								""CorrelatedCriteria"" : {
									""Type"" : ""ALL"",
									""CriteriaList"" : [
										{
											""Criteria"" : {
												""VisitOccurrence"" : {
													""CodesetId"" : 1,
													""VisitTypeExclude"" : false
												}
											},
											""StartWindow"" : {
												""Start"" : {
													""Coeff"" : -1
												},
												""End"" : {
													""Days"" : 0,
													""Coeff"" : 1
												},
												""UseIndexEnd"" : false,
												""UseEventEnd"" : false
											},
											""EndWindow"" : {
												""Start"" : {
													""Days"" : 0,
													""Coeff"" : -1
												},
												""End"" : {
													""Coeff"" : 1
												},
												""UseIndexEnd"" : false,
												""UseEventEnd"" : true
											},
											""RestrictVisit"" : false,
											""IgnoreObservationPeriod"" : false,
											""Occurrence"" : {
												""Type"" : 2,
												""Count"" : 1,
												""IsDistinct"" : false
											}
										}
									],
									""DemographicCriteriaList"" : [],
									""Groups"" : []
								},
								""CodesetId"" : 2
							}
						},
						""StartWindow"" : {
							""Start"" : {
								""Days"" : 365,
								""Coeff"" : -1
							},
							""End"" : {
								""Days"" : 1,
								""Coeff"" : -1
							},
							""UseIndexEnd"" : false,
							""UseEventEnd"" : false
						},
						""RestrictVisit"" : false,
						""IgnoreObservationPeriod"" : true,
						""Occurrence"" : {
							""Type"" : 0,
							""Count"" : 0,
							""IsDistinct"" : false
						}
					}
				],
				""DemographicCriteriaList"" : [],
				""Groups"" : []
			}
		}
	],
	""EndStrategy"" : {
		""DateOffset"" : {
			""DateField"" : ""StartDate"",
			""Offset"" : 1
		}
	},
	""CensoringCriteria"" : [],
	""CollapseSettings"" : {
		""CollapseType"" : ""ERA"",
		""EraPad"" : 0
	},
	""CensorWindow"" : {}
}","
",TRUE
